load,parallelization_strategy,frequency,request_type,performance
0.5,TP8,800,SS,0.1268559002876282
1.0,TP8,800,SS,0.15614581108093262
1.5,TP8,800,SS,0.14357481956481932
2.0,TP8,800,SS,0.1551177978515625
2.5,TP8,800,SS,0.15727005958557125
3.0,TP8,800,SS,0.1731203913688659
3.5,TP8,800,SS,0.16094957351684572
4.0,TP8,800,SS,0.17484404087066646
4.5,TP8,800,SS,0.17487686157226562
5.0,TP8,800,SS,0.18791574478149414
5.5,TP8,800,SS,0.191660361289978
6.0,TP8,800,SS,0.2128327178955078
6.5,TP8,800,SS,0.23287914991378783
7.0,TP8,800,SS,0.2521212196350098
7.5,TP8,800,SS,0.25123947143554687
8.0,TP8,800,SS,0.28671118736267087
8.5,TP8,800,SS,0.2744162559509277
9.0,TP8,800,SS,0.30173932075500465
0.5,TP8,1000,SS,0.10665385007858279
1.0,TP8,1000,SS,0.10445933341979981
1.5,TP8,1000,SS,0.11212286949157715
2.0,TP8,1000,SS,0.11852140426635743
2.5,TP8,1000,SS,0.12193067073822021
3.0,TP8,1000,SS,0.11840132474899291
3.5,TP8,1000,SS,0.13328874588012699
4.0,TP8,1000,SS,0.13068869590759277
4.5,TP8,1000,SS,0.15332610130310023
5.0,TP8,1000,SS,0.14561859130859373
5.5,TP8,1000,SS,0.1481704998016357
6.0,TP8,1000,SS,0.15508301258087157
6.5,TP8,1000,SS,0.16346716880798345
7.0,TP8,1000,SS,0.17495138168334962
7.5,TP8,1000,SS,0.18318949460983272
8.0,TP8,1000,SS,0.19489093065261845
8.5,TP8,1000,SS,0.19491408109664923
9.0,TP8,1000,SS,0.2224069261550903
0.5,TP8,1200,SS,0.09527024984359743
1.0,TP8,1200,SS,0.091465425491333
1.5,TP8,1200,SS,0.10511366844177246
2.0,TP8,1200,SS,0.09827346801757814
2.5,TP8,1200,SS,0.1051143479347229
3.0,TP8,1200,SS,0.11077626228332517
3.5,TP8,1200,SS,0.11111785888671875
4.0,TP8,1200,SS,0.11279702186584463
4.5,TP8,1200,SS,0.11183707952499379
5.0,TP8,1200,SS,0.1266661453247069
5.5,TP8,1200,SS,0.11695696115493774
6.0,TP8,1200,SS,0.13113422870635985
6.5,TP8,1200,SS,0.15030294656753548
7.0,TP8,1200,SS,0.15648183345794675
7.5,TP8,1200,SS,0.16636830568313596
8.0,TP8,1200,SS,0.1558303427696229
8.5,TP8,1200,SS,0.15734200954437255
9.0,TP8,1200,SS,0.16590416431426994
0.5,TP8,1400,SS,0.08422545671463014
1.0,TP8,1400,SS,0.0823387145996094
1.5,TP8,1400,SS,0.08974476337432861
2.0,TP8,1400,SS,0.09333600997924804
2.5,TP8,1400,SS,0.09341973066329956
3.0,TP8,1400,SS,0.09444724321365355
3.5,TP8,1400,SS,0.09458065032958984
4.0,TP8,1400,SS,0.09590837001800537
4.5,TP8,1400,SS,0.0996065282821655
5.0,TP8,1400,SS,0.09894951820373535
5.5,TP8,1400,SS,0.09899686813354493
6.0,TP8,1400,SS,0.1193334102630615
6.5,TP8,1400,SS,0.11905152797698976
7.0,TP8,1400,SS,0.16998169898986815
7.5,TP8,1400,SS,0.14294801235198973
8.0,TP8,1400,SS,0.1557232475280765
8.5,TP8,1400,SS,0.14451993227005006
9.0,TP8,1400,SS,0.15091447353363036
0.5,TP8,1600,SS,0.08364979267120363
1.0,TP8,1600,SS,0.0801867485046387
1.5,TP8,1600,SS,0.08400166511535644
2.0,TP8,1600,SS,0.08523197174072267
2.5,TP8,1600,SS,0.0881243634223938
3.0,TP8,1600,SS,0.08521266937255857
3.5,TP8,1600,SS,0.08839131355285644
4.0,TP8,1600,SS,0.08779067516326904
4.5,TP8,1600,SS,0.09124955415725704
5.0,TP8,1600,SS,0.09040338516235351
5.5,TP8,1600,SS,0.09110371828079224
6.0,TP8,1600,SS,0.1042832660675048
6.5,TP8,1600,SS,0.1115346670150757
7.0,TP8,1600,SS,0.10962453365325928
7.5,TP8,1600,SS,0.14035257101058954
8.0,TP8,1600,SS,0.11684196710586554
8.5,TP8,1600,SS,0.13584757804870606
9.0,TP8,1600,SS,0.13157950401306143
0.5,TP8,1800,SS,0.0802959179878235
1.0,TP8,1800,SS,0.08015456199645998
1.5,TP8,1800,SS,0.08060312271118161
2.0,TP8,1800,SS,0.08196706771850587
2.5,TP8,1800,SS,0.08134828090667724
3.0,TP8,1800,SS,0.08319892883300781
3.5,TP8,1800,SS,0.11355062484741221
4.0,TP8,1800,SS,0.08519909381866447
4.5,TP8,1800,SS,0.08528712034225455
5.0,TP8,1800,SS,0.08479791641235351
5.5,TP8,1800,SS,0.08661313295364377
6.0,TP8,1800,SS,0.10159778118133543
6.5,TP8,1800,SS,0.12342368364334122
7.0,TP8,1800,SS,0.10807700634002686
7.5,TP8,1800,SS,0.11420247077941886
8.0,TP8,1800,SS,0.13074036598205568
8.5,TP8,1800,SS,0.12706686496734623
9.0,TP8,1800,SS,0.12667346954345698
0.5,TP8,1980,SS,0.08309217691421511
1.0,TP8,1980,SS,0.08094878196716311
1.5,TP8,1980,SS,0.08139972686767577
2.0,TP8,1980,SS,0.08240365982055664
2.5,TP8,1980,SS,0.08004947900772093
3.0,TP8,1980,SS,0.07786921024322509
3.5,TP8,1980,SS,0.0829672145843506
4.0,TP8,1980,SS,0.0834452390670776
4.5,TP8,1980,SS,0.08554138422012329
5.0,TP8,1980,SS,0.08488947868347167
5.5,TP8,1980,SS,0.08229302883148193
6.0,TP8,1980,SS,0.10273791790008542
6.5,TP8,1980,SS,0.10214869976043704
7.0,TP8,1980,SS,0.10766710996627805
7.5,TP8,1980,SS,0.12271217823028549
8.0,TP8,1980,SS,0.11423854351043715
8.5,TP8,1980,SS,0.11598199605941774
9.0,TP8,1980,SS,0.12786388397216794
0.5,TP8,800,SM,0.12605322360992433
1.0,TP8,800,SM,0.14343109130859374
1.5,TP8,800,SM,0.1476244449615478
2.0,TP8,800,SM,0.15468459129333498
2.5,TP8,800,SM,0.16920840263366696
3.0,TP8,800,SM,0.1523440837860107
3.5,TP8,800,SM,0.15881050109863282
4.0,TP8,800,SM,0.17966666698455805
4.5,TP8,800,SM,0.21849482059478742
5.0,TP8,800,SM,0.18638150215148924
5.5,TP8,800,SM,0.19145399570465088
6.0,TP8,800,SM,0.230359148979187
6.5,TP8,800,SM,0.2742412805557251
7.0,TP8,800,SM,0.24651293277740477
0.5,TP8,1000,SM,0.1046809506416321
1.0,TP8,1000,SM,0.11476335525512696
1.5,TP8,1000,SM,0.12694152832031247
2.0,TP8,1000,SM,0.1283794403076172
2.5,TP8,1000,SM,0.1296212148666382
3.0,TP8,1000,SM,0.14384369134902947
3.5,TP8,1000,SM,0.13575926780700687
4.0,TP8,1000,SM,0.1335755109786987
4.5,TP8,1000,SM,0.14129336357116692
5.0,TP8,1000,SM,0.1454813766479492
5.5,TP8,1000,SM,0.14892477273941038
6.0,TP8,1000,SM,0.17796133995056151
6.5,TP8,1000,SM,0.18830127716064454
7.0,TP8,1000,SM,0.19393253087997434
0.5,TP8,1200,SM,0.09351289510726929
1.0,TP8,1200,SM,0.1018280029296875
1.5,TP8,1200,SM,0.10672776222229001
2.0,TP8,1200,SM,0.10744099617004395
2.5,TP8,1200,SM,0.10468454837799072
3.0,TP8,1200,SM,0.11326267957687378
3.5,TP8,1200,SM,0.11300753593444825
4.0,TP8,1200,SM,0.1152880954742431
4.5,TP8,1200,SM,0.11485000133514396
5.0,TP8,1200,SM,0.12216677665710449
5.5,TP8,1200,SM,0.12209533929824828
6.0,TP8,1200,SM,0.13365287303924558
6.5,TP8,1200,SM,0.16275030374526978
7.0,TP8,1200,SM,0.16164244174957274
0.5,TP8,1400,SM,0.08993768930435181
1.0,TP8,1400,SM,0.08786172866821289
1.5,TP8,1400,SM,0.08924336433410643
2.0,TP8,1400,SM,0.09363303184509278
2.5,TP8,1400,SM,0.09320353507995606
3.0,TP8,1400,SM,0.09963701248168945
3.5,TP8,1400,SM,0.10217785835266113
4.0,TP8,1400,SM,0.10069827079772949
4.5,TP8,1400,SM,0.0992549657821655
5.0,TP8,1400,SM,0.10322624206542969
5.5,TP8,1400,SM,0.10476958513259886
6.0,TP8,1400,SM,0.1319430589675902
6.5,TP8,1400,SM,0.14524673223495488
7.0,TP8,1400,SM,0.13663227558135982
0.5,TP8,1600,SM,0.07888857603073121
1.0,TP8,1600,SM,0.08090505599975588
1.5,TP8,1600,SM,0.08796822547912597
2.0,TP8,1600,SM,0.08836345672607422
2.5,TP8,1600,SM,0.08820121526718139
3.0,TP8,1600,SM,0.08847942590713499
3.5,TP8,1600,SM,0.08858789443969727
4.0,TP8,1600,SM,0.09368312835693358
4.5,TP8,1600,SM,0.09492562294006343
5.0,TP8,1600,SM,0.09536519050598144
5.5,TP8,1600,SM,0.09257363557815551
6.0,TP8,1600,SM,0.12969122409820544
6.5,TP8,1600,SM,0.1190167307853699
7.0,TP8,1600,SM,0.1357797312736511
0.5,TP8,1800,SM,0.07882169246673584
1.0,TP8,1800,SM,0.07461156845092774
1.5,TP8,1800,SM,0.08361320495605468
2.0,TP8,1800,SM,0.08266658782958984
2.5,TP8,1800,SM,0.08569693803787232
3.0,TP8,1800,SM,0.08784595012664795
3.5,TP8,1800,SM,0.10341937065124518
4.0,TP8,1800,SM,0.08926027297973632
4.5,TP8,1800,SM,0.08956974267959592
5.0,TP8,1800,SM,0.09071667671203612
5.5,TP8,1800,SM,0.10621127605438226
6.0,TP8,1800,SM,0.11774662494659408
6.5,TP8,1800,SM,0.1276265144348145
7.0,TP8,1800,SM,0.1265305423736572
0.5,TP8,1980,SM,0.07654091835021973
1.0,TP8,1980,SM,0.07977757453918458
1.5,TP8,1980,SM,0.07974820137023926
2.0,TP8,1980,SM,0.08148436546325684
2.5,TP8,1980,SM,0.0852568244934082
3.0,TP8,1980,SM,0.08732602357864379
3.5,TP8,1980,SM,0.08799850463867187
4.0,TP8,1980,SM,0.0894189453125
4.5,TP8,1980,SM,0.08851108789443969
5.0,TP8,1980,SM,0.08794761657714843
5.5,TP8,1980,SM,0.09105913877487178
6.0,TP8,1980,SM,0.1159457302093504
6.5,TP8,1980,SM,0.12682443857192993
7.0,TP8,1980,SM,0.13013027667999266
0.5,TP8,800,SL,0.1245373606681824
1.0,TP8,800,SL,0.13773412704467775
1.5,TP8,800,SL,0.15575349330902097
2.0,TP8,800,SL,0.15820665359497071
2.5,TP8,800,SL,0.16086967468261718
3.0,TP8,800,SL,0.1591755700111389
3.5,TP8,800,SL,0.16747921943664554
4.0,TP8,800,SL,0.1806744909286499
4.5,TP8,800,SL,0.18570421218872069
5.0,TP8,800,SL,0.22432027816772437
0.5,TP8,1000,SL,0.11479532241821289
1.0,TP8,1000,SL,0.11193962097167968
1.5,TP8,1000,SL,0.1267690277099609
2.0,TP8,1000,SL,0.15864500999450692
2.5,TP8,1000,SL,0.12974401235580443
3.0,TP8,1000,SL,0.13043671131134033
3.5,TP8,1000,SL,0.14928087234497073
4.0,TP8,1000,SL,0.13295330524444576
4.5,TP8,1000,SL,0.13714408397674557
5.0,TP8,1000,SL,0.15470228195190425
0.5,TP8,1200,SL,0.09739459514617921
1.0,TP8,1200,SL,0.09351582527160646
1.5,TP8,1200,SL,0.10381130218505859
2.0,TP8,1200,SL,0.10966014862060548
2.5,TP8,1200,SL,0.11200111627578735
3.0,TP8,1200,SL,0.10621143341064451
3.5,TP8,1200,SL,0.11324784278869629
4.0,TP8,1200,SL,0.1275387382507324
4.5,TP8,1200,SL,0.12207525968551629
5.0,TP8,1200,SL,0.1285532760620117
0.5,TP8,1400,SL,0.08716432332992553
1.0,TP8,1400,SL,0.08984484672546388
1.5,TP8,1400,SL,0.09617183208465571
2.0,TP8,1400,SL,0.08839139938354493
2.5,TP8,1400,SL,0.10326837062835693
3.0,TP8,1400,SL,0.11875486850738515
3.5,TP8,1400,SL,0.09823822975158691
4.0,TP8,1400,SL,0.10960765838623039
4.5,TP8,1400,SL,0.10455400466918942
5.0,TP8,1400,SL,0.11864120483398437
0.5,TP8,1600,SL,0.08206447839736938
1.0,TP8,1600,SL,0.07557005882263183
1.5,TP8,1600,SL,0.12141244411468491
2.0,TP8,1600,SL,0.09370260238647461
2.5,TP8,1600,SL,0.09325792074203491
3.0,TP8,1600,SL,0.09831494092941284
3.5,TP8,1600,SL,0.09855545043945313
4.0,TP8,1600,SL,0.10449175357818598
4.5,TP8,1600,SL,0.11018874645233154
5.0,TP8,1600,SL,0.11491234779357909
0.5,TP8,1800,SL,0.08393816947937012
1.0,TP8,1800,SL,0.07616415023803712
1.5,TP8,1800,SL,0.08268869400024413
2.0,TP8,1800,SL,0.08935337066650391
2.5,TP8,1800,SL,0.08899639368057251
3.0,TP8,1800,SL,0.09377410650253296
3.5,TP8,1800,SL,0.09170120239257813
4.0,TP8,1800,SL,0.10569985389709473
4.5,TP8,1800,SL,0.09908187866210931
5.0,TP8,1800,SL,0.09782914161682127
0.5,TP8,1980,SL,0.07722292184829713
1.0,TP8,1980,SL,0.12560071945190435
1.5,TP8,1980,SL,0.08521545886993408
2.0,TP8,1980,SL,0.0892263412475586
2.5,TP8,1980,SL,0.08448485851287842
3.0,TP8,1980,SL,0.08664678335189818
3.5,TP8,1980,SL,0.10741543769836433
4.0,TP8,1980,SL,0.1026340389251709
4.5,TP8,1980,SL,0.09044440984725939
5.0,TP8,1980,SL,0.10748879432678217
0.5,TP8,800,MS,0.25386318683624276
1.0,TP8,800,MS,0.26603097915649415
1.5,TP8,800,MS,0.27533473968505856
2.0,TP8,800,MS,0.3344851016998292
2.5,TP8,800,MS,0.3225624132156372
3.0,TP8,800,MS,0.3797164273262022
3.5,TP8,800,MS,0.4152793216705323
0.5,TP8,1000,MS,0.2077234816551209
1.0,TP8,1000,MS,0.18801112174987794
1.5,TP8,1000,MS,0.21653215408325194
2.0,TP8,1000,MS,0.23133411407470705
2.5,TP8,1000,MS,0.2528994297981262
3.0,TP8,1000,MS,0.2684367489814758
3.5,TP8,1000,MS,0.32500785827636725
0.5,TP8,1200,MS,0.17740685462951664
1.0,TP8,1200,MS,0.1648712635040283
1.5,TP8,1200,MS,0.18173000335693357
2.0,TP8,1200,MS,0.19238052368164066
2.5,TP8,1200,MS,0.20087105512619013
3.0,TP8,1200,MS,0.20357989311218258
3.5,TP8,1200,MS,0.23327989578247071
0.5,TP8,1400,MS,0.15388470411300662
1.0,TP8,1400,MS,0.15314760208129885
1.5,TP8,1400,MS,0.155507640838623
2.0,TP8,1400,MS,0.15938868522644045
2.5,TP8,1400,MS,0.17172119379043574
3.0,TP8,1400,MS,0.1728952264785766
3.5,TP8,1400,MS,0.18863972663879394
0.5,TP8,1600,MS,0.14135473489761355
1.0,TP8,1600,MS,0.1391495227813721
1.5,TP8,1600,MS,0.1445748996734619
2.0,TP8,1600,MS,0.14511256217956545
2.5,TP8,1600,MS,0.1720151329040527
3.0,TP8,1600,MS,0.1602637577056884
3.5,TP8,1600,MS,0.163438777923584
0.5,TP8,1800,MS,0.1363276314735413
1.0,TP8,1800,MS,0.13171176910400395
1.5,TP8,1800,MS,0.14288598537445069
2.0,TP8,1800,MS,0.1391770362854004
2.5,TP8,1800,MS,0.17915045261383056
3.0,TP8,1800,MS,0.1521411800384521
3.5,TP8,1800,MS,0.16129216194152832
0.5,TP8,1980,MS,0.13405854225158695
1.0,TP8,1980,MS,0.12907700538635258
1.5,TP8,1980,MS,0.1361840057373047
2.0,TP8,1980,MS,0.14057769775390624
2.5,TP8,1980,MS,0.1446464204788208
3.0,TP8,1980,MS,0.15805866718292233
3.5,TP8,1980,MS,0.14618411064147951
0.5,TP8,800,MM,0.2451677131652832
1.0,TP8,800,MM,0.2430434226989746
1.5,TP8,800,MM,0.2708968877792357
2.0,TP8,800,MM,0.33890824317932133
2.5,TP8,800,MM,0.3454428648948669
3.0,TP8,800,MM,0.416377990245819
3.5,TP8,800,MM,0.42770373344421386
0.5,TP8,1000,MM,0.20893294811248783
1.0,TP8,1000,MM,0.2144331455230713
1.5,TP8,1000,MM,0.21731189250946045
2.0,TP8,1000,MM,0.23414673805236821
2.5,TP8,1000,MM,0.24387912750244137
3.0,TP8,1000,MM,0.2727666020393371
3.5,TP8,1000,MM,0.2904652118682861
0.5,TP8,1200,MM,0.1648200845718384
1.0,TP8,1200,MM,0.16082916259765626
1.5,TP8,1200,MM,0.17531293392181396
2.0,TP8,1200,MM,0.1862943172454834
2.5,TP8,1200,MM,0.24312368869781492
3.0,TP8,1200,MM,0.2271878290176391
3.5,TP8,1200,MM,0.23355015754699707
0.5,TP8,1400,MM,0.1555340957641602
1.0,TP8,1400,MM,0.15206851959228518
1.5,TP8,1400,MM,0.16274583339691162
2.0,TP8,1400,MM,0.16035656929016112
2.5,TP8,1400,MM,0.1710654807090759
3.0,TP8,1400,MM,0.17329730510711663
3.5,TP8,1400,MM,0.20401535034179688
0.5,TP8,1600,MM,0.13263575077056886
1.0,TP8,1600,MM,0.1320518970489502
1.5,TP8,1600,MM,0.14643383502960203
2.0,TP8,1600,MM,0.1484675407409668
2.5,TP8,1600,MM,0.15619757413864133
3.0,TP8,1600,MM,0.15603442430496212
3.5,TP8,1600,MM,0.1687687397003174
0.5,TP8,1800,MM,0.1367260336875916
1.0,TP8,1800,MM,0.12948122024536132
1.5,TP8,1800,MM,0.13957847595214842
2.0,TP8,1800,MM,0.1429835796356201
2.5,TP8,1800,MM,0.1491526436805725
3.0,TP8,1800,MM,0.1518250894546508
3.5,TP8,1800,MM,0.15732829093933107
0.5,TP8,1980,MM,0.12516705751419066
1.0,TP8,1980,MM,0.12451505661010742
1.5,TP8,1980,MM,0.13684236526489257
2.0,TP8,1980,MM,0.13778104782104492
2.5,TP8,1980,MM,0.14588863611221312
3.0,TP8,1980,MM,0.14656896829605098
3.5,TP8,1980,MM,0.14519348144531252
0.5,TP8,800,ML,0.24934451580047606
1.0,TP8,800,ML,0.2443793773651123
1.5,TP8,800,ML,0.2728261995315551
2.0,TP8,800,ML,0.3396111488342286
2.5,TP8,800,ML,0.3208452033996582
3.0,TP8,800,ML,0.3947290539741515
0.5,TP8,1000,ML,0.20950470447540287
1.0,TP8,1000,ML,0.20175843238830568
1.5,TP8,1000,ML,0.21448121070861814
2.0,TP8,1000,ML,0.2303578853607178
2.5,TP8,1000,ML,0.27350216150283807
3.0,TP8,1000,ML,0.26617297410964963
0.5,TP8,1200,ML,0.17627562284469608
1.0,TP8,1200,ML,0.17954192161560062
1.5,TP8,1200,ML,0.18234503269195554
2.0,TP8,1200,ML,0.19456863403320315
2.5,TP8,1200,ML,0.20211213588714594
3.0,TP8,1200,ML,0.21893119335174557
0.5,TP8,1400,ML,0.15342295408248902
1.0,TP8,1400,ML,0.1527037620544434
1.5,TP8,1400,ML,0.16363428592681883
2.0,TP8,1400,ML,0.1638254165649414
2.5,TP8,1400,ML,0.16895888090133665
3.0,TP8,1400,ML,0.18437119483947753
0.5,TP8,1600,ML,0.14013878583908085
1.0,TP8,1600,ML,0.1306117057800293
1.5,TP8,1600,ML,0.14823691844940184
2.0,TP8,1600,ML,0.15043215751647948
2.5,TP8,1600,ML,0.18453160047531117
3.0,TP8,1600,ML,0.16491909265518181
0.5,TP8,1800,ML,0.13161905765533446
1.0,TP8,1800,ML,0.124049711227417
1.5,TP8,1800,ML,0.14033201694488523
2.0,TP8,1800,ML,0.1459536075592041
2.5,TP8,1800,ML,0.14928625106811522
3.0,TP8,1800,ML,0.15315414667129512
0.5,TP8,1980,ML,0.1362193274497986
1.0,TP8,1980,ML,0.13488807678222656
1.5,TP8,1980,ML,0.14040290355682372
2.0,TP8,1980,ML,0.14188771247863768
2.5,TP8,1980,ML,0.1458359384536743
3.0,TP8,1980,ML,0.1465535235404968
0.5,TP8,800,LS,0.9559907078742982
1.0,TP8,800,LS,1.2315601825714113
1.5,TP8,800,LS,1.6696878671646114
2.0,TP8,800,LS,2.4741692066192633
0.5,TP8,1000,LS,0.7373304176330567
1.0,TP8,1000,LS,0.8775197505950928
1.5,TP8,1000,LS,1.1228035640716552
2.0,TP8,1000,LS,1.4973221302032476
0.5,TP8,1200,LS,0.6726306056976319
1.0,TP8,1200,LS,0.7126306056976319
1.5,TP8,1200,LS,0.8791965341567991
2.0,TP8,1200,LS,1.0367116928100586
0.5,TP8,1400,LS,0.5039123034477234
1.0,TP8,1400,LS,0.6047467708587647
1.5,TP8,1400,LS,0.7172060441970823
2.0,TP8,1400,LS,0.8549830436706544
0.5,TP8,1600,LS,0.47730695724487304
1.0,TP8,1600,LS,0.5717379570007325
1.5,TP8,1600,LS,0.6640759944915771
2.0,TP8,1600,LS,0.7947768211364746
0.5,TP8,1800,LS,0.46329841852188114
1.0,TP8,1800,LS,0.5522543907165528
1.5,TP8,1800,LS,0.6364522075653075
2.0,TP8,1800,LS,0.7647144317626954
0.5,TP8,1980,LS,0.4610336017608643
1.0,TP8,1980,LS,0.5507328510284425
1.5,TP8,1980,LS,0.6313338994979858
2.0,TP8,1980,LS,0.7517473697662355
0.5,TP8,800,LM,0.9573619031906129
1.0,TP8,800,LM,1.318087673187256
1.5,TP8,800,LM,1.6697915935516352
2.0,TP8,800,LM,2.4742771148681646
0.5,TP8,1000,LM,0.7372153902053833
1.0,TP8,1000,LM,0.87259521484375
1.5,TP8,1000,LM,1.1243792486190796
2.0,TP8,1000,LM,1.5012648105621342
0.5,TP8,1200,LM,0.5945973587036133
1.0,TP8,1200,LM,0.7089601993560791
1.5,TP8,1200,LM,0.8786309480667112
2.0,TP8,1200,LM,1.038090705871582
0.5,TP8,1400,LM,0.5026003599166871
1.0,TP8,1400,LM,0.69418363571167
1.5,TP8,1400,LM,0.7132282495498655
2.0,TP8,1400,LM,0.8507405757904053
0.5,TP8,1600,LM,0.47835755825042725
1.0,TP8,1600,LM,0.5716303348541261
1.5,TP8,1600,LM,0.6626628589630126
2.0,TP8,1600,LM,0.7961272716522217
0.5,TP8,1800,LM,0.46102169036865237
1.0,TP8,1800,LM,0.5572334289550782
1.5,TP8,1800,LM,0.6384277296066283
2.0,TP8,1800,LM,0.7647436141967774
0.5,TP8,1980,LM,0.4596859908103943
1.0,TP8,1980,LM,0.5533540725708008
1.5,TP8,1980,LM,0.6316577196121215
2.0,TP8,1980,LM,0.7552683353424073
0.5,TP8,800,LL,0.9588352084159852
1.0,TP8,800,LL,1.2324853897094727
1.5,TP8,800,LL,1.673861441612243
0.5,TP8,1000,LL,0.739217483997345
1.0,TP8,1000,LL,0.8728263854980469
1.5,TP8,1000,LL,1.121729598045349
0.5,TP8,1200,LL,0.593940920829773
1.0,TP8,1200,LL,0.708641004562378
1.5,TP8,1200,LL,0.8769398403167722
0.5,TP8,1400,LL,0.49908917903900146
1.0,TP8,1400,LL,0.6014938831329346
1.5,TP8,1400,LL,0.7106928491592406
0.5,TP8,1600,LL,0.47862493991851807
1.0,TP8,1600,LL,0.5728490352630616
1.5,TP8,1600,LL,0.664720320701599
0.5,TP8,1800,LL,0.4632751417160034
1.0,TP8,1800,LL,0.5541688919067383
1.5,TP8,1800,LL,0.6368915605545044
0.5,TP8,1980,LL,0.4612965798377991
1.0,TP8,1980,LL,0.5517620563507081
1.5,TP8,1980,LL,0.6355673265457152
0.5,TP4,800,SS,0.28654760360717774
1.0,TP4,800,SS,3.151105546951294
1.5,TP4,800,SS,4.5105055236816405
2.0,TP4,800,SS,2.9007131576538088
2.5,TP4,800,SS,4.759110822677612
3.0,TP4,800,SS,5.733383367061615
3.5,TP4,800,SS,3.239098491668701
4.0,TP4,800,SS,12.26632921218872
4.5,TP4,800,SS,3.4038302254676815
5.0,TP4,800,SS,5.959805135726929
5.5,TP4,800,SS,4.5569410061836235
6.0,TP4,800,SS,11.602546367645264
6.5,TP4,800,SS,8.334538328647614
7.0,TP4,800,SS,3.182944197654724
0.5,TP4,1000,SS,0.143162636756897
1.0,TP4,1000,SS,2.2686394691467284
1.5,TP4,1000,SS,0.3560395622253418
2.0,TP4,1000,SS,1.3648874759674094
2.5,TP4,1000,SS,0.9991362094879127
3.0,TP4,1000,SS,1.2520387601852372
3.5,TP4,1000,SS,1.3985197257995632
4.0,TP4,1000,SS,0.19754825592041003
4.5,TP4,1000,SS,0.21449137687683106
5.0,TP4,1000,SS,0.22262450218200677
5.5,TP4,1000,SS,0.2431162500381469
6.0,TP4,1000,SS,0.26526232719421383
6.5,TP4,1000,SS,0.2960523962974549
7.0,TP4,1000,SS,0.2942268848419188
0.5,TP4,1200,SS,0.1287012577056885
1.0,TP4,1200,SS,0.13287925720214844
1.5,TP4,1200,SS,0.13433983325958251
2.0,TP4,1200,SS,0.1426468372344971
2.5,TP4,1200,SS,0.15455119848251342
3.0,TP4,1200,SS,0.15430644989013667
3.5,TP4,1200,SS,0.1545371723175049
4.0,TP4,1200,SS,0.16379121303558344
4.5,TP4,1200,SS,0.1781457591056823
5.0,TP4,1200,SS,0.18589090347290038
5.5,TP4,1200,SS,0.18814789533615112
6.0,TP4,1200,SS,0.21730969429016114
6.5,TP4,1200,SS,0.31136155128479026
7.0,TP4,1200,SS,0.24496361255645752
0.5,TP4,1400,SS,0.11178372144699099
1.0,TP4,1400,SS,0.11935563087463379
1.5,TP4,1400,SS,0.12246032714843748
2.0,TP4,1400,SS,0.11836442947387696
2.5,TP4,1400,SS,0.16095290660858141
3.0,TP4,1400,SS,0.12835107088088987
3.5,TP4,1400,SS,0.13115894317626955
4.0,TP4,1400,SS,0.2828477430343622
4.5,TP4,1400,SS,0.15150212526321402
5.0,TP4,1400,SS,0.15917734146118154
5.5,TP4,1400,SS,0.1584703493118286
6.0,TP4,1400,SS,0.21749194145202622
6.5,TP4,1400,SS,0.1922144770622254
7.0,TP4,1400,SS,0.19763942956924432
0.5,TP4,1600,SS,0.10135399341583254
1.0,TP4,1600,SS,0.11232762336730957
1.5,TP4,1600,SS,0.1184600830078125
2.0,TP4,1600,SS,0.1135392189025879
2.5,TP4,1600,SS,0.11168815612792969
3.0,TP4,1600,SS,0.12061527252197264
3.5,TP4,1600,SS,0.122248592376709
4.0,TP4,1600,SS,0.5924217319488367
4.5,TP4,1600,SS,0.12249353170394894
5.0,TP4,1600,SS,0.13752412796020502
5.5,TP4,1600,SS,0.1377721738815307
6.0,TP4,1600,SS,0.1687560844421386
6.5,TP4,1600,SS,0.2454320669174196
7.0,TP4,1600,SS,0.1633032250404357
0.5,TP4,1800,SS,0.09740182638168336
1.0,TP4,1800,SS,0.10035982131958009
1.5,TP4,1800,SS,0.0997606611251831
2.0,TP4,1800,SS,0.1045346736907959
2.5,TP4,1800,SS,0.11502909898757935
3.0,TP4,1800,SS,0.10730153560638427
3.5,TP4,1800,SS,0.11939309120178224
4.0,TP4,1800,SS,0.12034227371215805
4.5,TP4,1800,SS,0.20301944971084593
5.0,TP4,1800,SS,0.12142792701721192
5.5,TP4,1800,SS,0.13648993015289304
6.0,TP4,1800,SS,0.15586772441864002
6.5,TP4,1800,SS,0.1460013747215271
7.0,TP4,1800,SS,0.16558640003204342
0.5,TP4,1980,SS,0.09684362173080446
1.0,TP4,1980,SS,0.11044068336486816
1.5,TP4,1980,SS,0.1049706220626831
2.0,TP4,1980,SS,0.11542382240295411
2.5,TP4,1980,SS,0.11286776304244994
3.0,TP4,1980,SS,0.18916866302490232
3.5,TP4,1980,SS,0.11694524765014648
4.0,TP4,1980,SS,0.11837775707244864
4.5,TP4,1980,SS,0.11853196620941162
5.0,TP4,1980,SS,0.12444364547729488
5.5,TP4,1980,SS,0.13828772544860835
6.0,TP4,1980,SS,0.37715146064758287
6.5,TP4,1980,SS,0.15049256086349494
7.0,TP4,1980,SS,0.15054511308670043
0.5,TP4,800,SM,0.1725037741661072
1.0,TP4,800,SM,0.208313512802124
1.5,TP4,800,SM,0.20677066326141355
2.0,TP4,800,SM,0.21936025619506838
2.5,TP4,800,SM,0.23082804441452023
3.0,TP4,800,SM,0.24086149215698238
3.5,TP4,800,SM,0.24608474731445315
4.0,TP4,800,SM,0.3008290243148801
4.5,TP4,800,SM,0.3115922927856444
5.0,TP4,800,SM,0.3143432521820068
0.5,TP4,1000,SM,0.15828646183013917
1.0,TP4,1000,SM,0.1624382495880127
1.5,TP4,1000,SM,0.16938833236694337
2.0,TP4,1000,SM,0.16838793754577636
2.5,TP4,1000,SM,0.17317816972732544
3.0,TP4,1000,SM,0.18371128082275381
3.5,TP4,1000,SM,0.2257647037506105
4.0,TP4,1000,SM,0.2098571729660034
4.5,TP4,1000,SM,0.21372448205947875
5.0,TP4,1000,SM,0.26343789100646947
0.5,TP4,1200,SM,0.12965559244155886
1.0,TP4,1200,SM,0.14263076782226564
1.5,TP4,1200,SM,0.1385675573348999
2.0,TP4,1200,SM,0.14735150337219238
2.5,TP4,1200,SM,0.1518945550918579
3.0,TP4,1200,SM,0.15408252716064447
3.5,TP4,1200,SM,0.1609906578063965
4.0,TP4,1200,SM,0.18272906303405756
4.5,TP4,1200,SM,0.1882003903388977
5.0,TP4,1200,SM,0.1832236671447754
0.5,TP4,1400,SM,0.11115897417068483
1.0,TP4,1400,SM,0.1183781623840332
1.5,TP4,1400,SM,0.35120768070220937
2.0,TP4,1400,SM,0.12757220268249514
2.5,TP4,1400,SM,0.13369032859802246
3.0,TP4,1400,SM,0.13626659631729124
3.5,TP4,1400,SM,0.13615090370178223
4.0,TP4,1400,SM,0.20568172454833983
4.5,TP4,1400,SM,0.17297074317932126
5.0,TP4,1400,SM,0.15790331840515134
0.5,TP4,1600,SM,0.10836538791656494
1.0,TP4,1600,SM,0.11211695671081542
1.5,TP4,1600,SM,0.11635497093200681
2.0,TP4,1600,SM,0.11726927757263184
2.5,TP4,1600,SM,0.12122346401214598
3.0,TP4,1600,SM,0.12038153409957883
3.5,TP4,1600,SM,0.12875639915466308
4.0,TP4,1600,SM,0.13310032367706293
4.5,TP4,1600,SM,0.12742613554000823
5.0,TP4,1600,SM,0.13841041564941406
0.5,TP4,1800,SM,0.09843955516815187
1.0,TP4,1800,SM,0.11498632431030274
1.5,TP4,1800,SM,0.11043521881103514
2.0,TP4,1800,SM,0.11586995124816894
2.5,TP4,1800,SM,0.11852122783660889
3.0,TP4,1800,SM,0.12109352588653564
3.5,TP4,1800,SM,0.135720386505127
4.0,TP4,1800,SM,0.12856140136718744
4.5,TP4,1800,SM,0.12703515052795408
5.0,TP4,1800,SM,0.13958967208862305
0.5,TP4,1980,SM,0.10257030010223389
1.0,TP4,1980,SM,0.11165566444396974
1.5,TP4,1980,SM,0.10118570327758789
2.0,TP4,1980,SM,0.10998826026916504
2.5,TP4,1980,SM,0.1180014443397522
3.0,TP4,1980,SM,0.11894985437393188
3.5,TP4,1980,SM,0.11824551582336426
4.0,TP4,1980,SM,0.1277480602264404
4.5,TP4,1980,SM,0.12821985244750966
5.0,TP4,1980,SM,0.14031406402587887
0.5,TP4,800,SL,0.20857250452041626
1.0,TP4,800,SL,0.2086263656616211
1.5,TP4,800,SL,0.21097089290618892
2.0,TP4,800,SL,0.21719770431518556
2.5,TP4,800,SL,0.23184385538101193
3.0,TP4,800,SL,0.2301488423347473
3.5,TP4,800,SL,0.270596923828125
4.0,TP4,800,SL,0.2566383838653564
0.5,TP4,1000,SL,0.14663870334625245
1.0,TP4,1000,SL,0.14778528213500977
1.5,TP4,1000,SL,0.16935808181762696
2.0,TP4,1000,SL,0.16726303100585938
2.5,TP4,1000,SL,0.17846528768539427
3.0,TP4,1000,SL,0.18554051876068112
3.5,TP4,1000,SL,0.20153907775878907
4.0,TP4,1000,SL,0.19963245391845696
0.5,TP4,1200,SL,0.14302825927734375
1.0,TP4,1200,SL,0.13515424728393555
1.5,TP4,1200,SL,0.1512507390975952
2.0,TP4,1200,SL,0.15288825035095216
2.5,TP4,1200,SL,0.1611787176132202
3.0,TP4,1200,SL,0.16015765428543088
3.5,TP4,1200,SL,0.15934303283691406
4.0,TP4,1200,SL,0.1637097072601318
0.5,TP4,1400,SL,0.1110598921775818
1.0,TP4,1400,SL,0.12228083610534668
1.5,TP4,1400,SL,0.13847008705139158
2.0,TP4,1400,SL,0.13422074317932128
2.5,TP4,1400,SL,0.13458772897720336
3.0,TP4,1400,SL,0.14107654094696043
3.5,TP4,1400,SL,0.17315172195434575
4.0,TP4,1400,SL,0.14159698486328123
0.5,TP4,1600,SL,0.11626340627670288
1.0,TP4,1600,SL,0.10050296783447266
1.5,TP4,1600,SL,0.12381033897399898
2.0,TP4,1600,SL,0.12773761749267581
2.5,TP4,1600,SL,0.128520987033844
3.0,TP4,1600,SL,0.12892274856567382
3.5,TP4,1600,SL,0.12560420989990234
4.0,TP4,1600,SL,0.1314626884460449
0.5,TP4,1800,SL,0.10753243446350098
1.0,TP4,1800,SL,0.10259194374084472
1.5,TP4,1800,SL,0.12095016479492184
2.0,TP4,1800,SL,0.12187323570251465
2.5,TP4,1800,SL,0.12277948856353758
3.0,TP4,1800,SL,0.11661565065383911
3.5,TP4,1800,SL,0.1287093448638916
4.0,TP4,1800,SL,0.14906526088714575
0.5,TP4,1980,SL,0.10820894241333008
1.0,TP4,1980,SL,0.10384268760681152
1.5,TP4,1980,SL,0.11545844078063965
2.0,TP4,1980,SL,0.1108778476715088
2.5,TP4,1980,SL,0.11703196525573731
3.0,TP4,1980,SL,0.12419342041015624
3.5,TP4,1980,SL,0.12127310752868653
4.0,TP4,1980,SL,0.1250761318206787
0.5,TP4,800,MS,0.3302492117881775
1.0,TP4,800,MS,0.44169955253601084
1.5,TP4,800,MS,0.40289199352264393
2.0,TP4,800,MS,0.46017656326293943
2.5,TP4,800,MS,0.5230364131927489
3.0,TP4,800,MS,0.5931125473976135
0.5,TP4,1000,MS,0.2706510043144227
1.0,TP4,1000,MS,0.260304069519043
1.5,TP4,1000,MS,0.3010477590560912
2.0,TP4,1000,MS,0.31972975730895997
2.5,TP4,1000,MS,0.3847471117973328
3.0,TP4,1000,MS,0.45560498714447023
0.5,TP4,1200,MS,0.23588453531265263
1.0,TP4,1200,MS,0.21466617584228517
1.5,TP4,1200,MS,0.24505354404449456
2.0,TP4,1200,MS,0.25979313850402835
2.5,TP4,1200,MS,0.3154069089889526
3.0,TP4,1200,MS,0.32539347648620603
0.5,TP4,1400,MS,0.20303995370864872
1.0,TP4,1400,MS,0.20844850540161133
1.5,TP4,1400,MS,0.20585699558258055
2.0,TP4,1400,MS,0.27414293289184577
2.5,TP4,1400,MS,0.24295359849929804
3.0,TP4,1400,MS,0.26682400465011596
0.5,TP4,1600,MS,0.18657648086547857
1.0,TP4,1600,MS,0.1839509963989258
1.5,TP4,1600,MS,0.23495178222656224
2.0,TP4,1600,MS,0.20354514122009282
2.5,TP4,1600,MS,0.21728616237640372
3.0,TP4,1600,MS,0.2518336606025695
0.5,TP4,1800,MS,0.1804203343391419
1.0,TP4,1800,MS,0.17103047370910646
1.5,TP4,1800,MS,0.19057417392730713
2.0,TP4,1800,MS,0.19119124412536623
2.5,TP4,1800,MS,0.21241332054138173
3.0,TP4,1800,MS,0.2281212210655212
0.5,TP4,1980,MS,0.17973200798034672
1.0,TP4,1980,MS,0.16881246566772462
1.5,TP4,1980,MS,0.1907383346557617
2.0,TP4,1980,MS,0.20632157325744632
2.5,TP4,1980,MS,0.20745819568634025
3.0,TP4,1980,MS,0.23136868476867672
0.5,TP4,800,MM,0.3126525330543518
1.0,TP4,800,MM,0.3665386199951172
1.5,TP4,800,MM,0.39579621791839575
2.0,TP4,800,MM,0.46014366149902347
2.5,TP4,800,MM,0.5609783220291138
3.0,TP4,800,MM,0.5899014019966126
0.5,TP4,1000,MM,0.267935631275177
1.0,TP4,1000,MM,0.27686724662780765
1.5,TP4,1000,MM,0.30542064666748037
2.0,TP4,1000,MM,0.3227588176727295
2.5,TP4,1000,MM,0.36117692470550533
3.0,TP4,1000,MM,0.47101771116256713
0.5,TP4,1200,MM,0.2225777530670166
1.0,TP4,1200,MM,0.24783034324645997
1.5,TP4,1200,MM,0.24594311714172357
2.0,TP4,1200,MM,0.2665588855743409
2.5,TP4,1200,MM,0.37242607355117785
3.0,TP4,1200,MM,0.3279295468330383
0.5,TP4,1400,MM,0.20464856386184696
1.0,TP4,1400,MM,0.18650388717651367
1.5,TP4,1400,MM,0.20895633220672605
2.0,TP4,1400,MM,0.22832536697387698
2.5,TP4,1400,MM,0.2704385137557983
3.0,TP4,1400,MM,0.2623094964027404
0.5,TP4,1600,MM,0.18716287851333618
1.0,TP4,1600,MM,0.17608442306518554
1.5,TP4,1600,MM,0.23838500022888157
2.0,TP4,1600,MM,0.20785193443298344
2.5,TP4,1600,MM,0.20974423170089715
3.0,TP4,1600,MM,0.24294039964675904
0.5,TP4,1800,MM,0.18125511884689333
1.0,TP4,1800,MM,0.18443756103515624
1.5,TP4,1800,MM,0.19378718852996824
2.0,TP4,1800,MM,0.19772019386291506
2.5,TP4,1800,MM,0.20353947639465328
3.0,TP4,1800,MM,0.2353145051002502
0.5,TP4,1980,MM,0.17786581039428712
1.0,TP4,1980,MM,0.16986422538757326
1.5,TP4,1980,MM,0.18887547969818114
2.0,TP4,1980,MM,0.20518374443054202
2.5,TP4,1980,MM,0.20547473669052121
3.0,TP4,1980,MM,0.23825314760208127
0.5,TP4,800,ML,0.3083008217811585
1.0,TP4,800,ML,0.44600429534912117
1.5,TP4,800,ML,0.40129620552062983
2.0,TP4,800,ML,0.4643418312072754
2.5,TP4,800,ML,0.5129479122161864
0.5,TP4,1000,ML,0.25753087759017945
1.0,TP4,1000,ML,0.2635779857635498
1.5,TP4,1000,ML,0.3051663875579833
2.0,TP4,1000,ML,0.3260193824768066
2.5,TP4,1000,ML,0.3661436700820923
0.5,TP4,1200,ML,0.23543102741241462
1.0,TP4,1200,ML,0.21571779251098633
1.5,TP4,1200,ML,0.2514727449417114
2.0,TP4,1200,ML,0.2663775444030762
2.5,TP4,1200,ML,0.29122044563293453
0.5,TP4,1400,ML,0.19298721313476563
1.0,TP4,1400,ML,0.197737979888916
1.5,TP4,1400,ML,0.21750011920928952
2.0,TP4,1400,ML,0.2344935417175293
2.5,TP4,1400,ML,0.27414147138595574
0.5,TP4,1600,ML,0.18671238183975225
1.0,TP4,1600,ML,0.2031347751617432
1.5,TP4,1600,ML,0.2007216691970825
2.0,TP4,1600,ML,0.21242890357971192
2.5,TP4,1600,ML,0.21614792585372924
0.5,TP4,1800,ML,0.17026301145553588
1.0,TP4,1800,ML,0.18393869400024415
1.5,TP4,1800,ML,0.19872811317443845
2.0,TP4,1800,ML,0.2070377826690674
2.5,TP4,1800,ML,0.20428092479705806
0.5,TP4,1980,ML,0.17894586801528933
1.0,TP4,1980,ML,0.1884322166442871
1.5,TP4,1980,ML,0.2049835157394409
2.0,TP4,1980,ML,0.20879006385803225
2.5,TP4,1980,ML,0.21723622560501096
0.5,TP4,800,LS,1.4808821749687198
1.0,TP4,800,LS,2.0967966556549076
1.5,TP4,800,LS,3.905543336868284
2.0,TP4,800,LS,6.56715054512024
0.5,TP4,1000,LS,1.1582674074172974
1.0,TP4,1000,LS,1.5602039337158204
1.5,TP4,1000,LS,2.712776432037351
2.0,TP4,1000,LS,3.3643348217010507
0.5,TP4,1200,LS,0.9624235248565675
1.0,TP4,1200,LS,1.2350338935852052
1.5,TP4,1200,LS,1.6894665145874017
2.0,TP4,1200,LS,2.496472835540772
0.5,TP4,1400,LS,0.8117471385002136
1.0,TP4,1400,LS,1.0664769172668458
1.5,TP4,1400,LS,1.2681774711608886
2.0,TP4,1400,LS,1.8325297832489018
0.5,TP4,1600,LS,0.7827079892158508
1.0,TP4,1600,LS,0.9617336750030517
1.5,TP4,1600,LS,1.2253558588027953
2.0,TP4,1600,LS,1.7318735122680669
0.5,TP4,1800,LS,0.7881999683380128
1.0,TP4,1800,LS,0.9602981567382812
1.5,TP4,1800,LS,1.2223638105392456
2.0,TP4,1800,LS,1.7524732589721685
0.5,TP4,1980,LS,0.8006591868400574
1.0,TP4,1980,LS,0.9652422428131103
1.5,TP4,1980,LS,1.2368216371536254
2.0,TP4,1980,LS,1.7952477455139164
0.5,TP4,800,LM,1.4800043630599977
1.0,TP4,800,LM,2.099559307098389
1.5,TP4,800,LM,3.8935121297836286
2.0,TP4,800,LM,6.647430658340455
0.5,TP4,1000,LM,1.1573399829864504
1.0,TP4,1000,LM,1.560479497909546
1.5,TP4,1000,LM,2.472839579582213
2.0,TP4,1000,LM,3.357951784133912
0.5,TP4,1200,LM,0.963764729499817
1.0,TP4,1200,LM,1.2405664443969728
1.5,TP4,1200,LM,1.6913851785659784
2.0,TP4,1200,LM,2.499025201797486
0.5,TP4,1400,LM,0.812055642604828
1.0,TP4,1400,LM,0.9969273090362549
1.5,TP4,1400,LM,1.2713783407211303
2.0,TP4,1400,LM,1.865530157089234
0.5,TP4,1600,LM,0.7897758221626282
1.0,TP4,1600,LM,0.9542672157287598
1.5,TP4,1600,LM,1.225618600845337
2.0,TP4,1600,LM,1.8494682312011723
0.5,TP4,1800,LM,0.7856110429763794
1.0,TP4,1800,LM,0.9610111236572266
1.5,TP4,1800,LM,1.2288130712509155
2.0,TP4,1800,LM,1.7565898895263676
0.5,TP4,1980,LM,0.7956186485290528
1.0,TP4,1980,LM,0.9757285594940186
1.5,TP4,1980,LM,1.2442497253417968
2.0,TP4,1980,LM,1.8000597000122076
0.5,TP4,800,LL,1.4821373867988588
1.0,TP4,800,LL,2.101882791519165
1.5,TP4,800,LL,4.014344968795775
0.5,TP4,1000,LL,1.1610802459716798
1.0,TP4,1000,LL,1.5673789501190187
1.5,TP4,1000,LL,2.485593004226683
0.5,TP4,1200,LL,0.9611872839927674
1.0,TP4,1200,LL,1.2408675193786622
1.5,TP4,1200,LL,1.6954673957824702
0.5,TP4,1400,LL,0.8130472970008851
1.0,TP4,1400,LL,0.9981487274169922
1.5,TP4,1400,LL,1.273405156135559
0.5,TP4,1600,LL,0.7873860597610474
1.0,TP4,1600,LL,0.9584159851074219
1.5,TP4,1600,LL,1.2263663721084592
0.5,TP4,1800,LL,0.7860893917083741
1.0,TP4,1800,LL,0.9573463916778565
1.5,TP4,1800,LL,1.226087050437927
0.5,TP4,1980,LL,0.7914494228363038
1.0,TP4,1980,LL,0.9711609363555909
1.5,TP4,1980,LL,1.2411559915542603
0.5,TP2,800,SS,0.2760498571395874
1.0,TP2,800,SS,0.28215951919555665
1.5,TP2,800,SS,0.3495409774780272
2.0,TP2,800,SS,0.38463811874389653
2.5,TP2,800,SS,0.4534773874282835
3.0,TP2,800,SS,0.4928063583374022
3.5,TP2,800,SS,2.2789149856567383
4.0,TP2,800,SS,4.234855217933655
4.5,TP2,800,SS,5.51250679731369
5.0,TP2,800,SS,9.683910770416258
5.5,TP2,800,SS,12.108908159732817
6.0,TP2,800,SS,13.316313138008118
6.5,TP2,800,SS,15.145620298385621
7.0,TP2,800,SS,16.11758371591568
0.5,TP2,1000,SS,0.23033698320388796
1.0,TP2,1000,SS,0.21936969757080077
1.5,TP2,1000,SS,0.24517968177795407
2.0,TP2,1000,SS,0.2782070636749268
2.5,TP2,1000,SS,0.2923299384117126
3.0,TP2,1000,SS,0.2988296961784363
3.5,TP2,1000,SS,0.35134153366088877
4.0,TP2,1000,SS,0.6225198078155514
4.5,TP2,1000,SS,2.1562218117713923
5.0,TP2,1000,SS,3.418463668823242
5.5,TP2,1000,SS,5.855923075675963
6.0,TP2,1000,SS,6.798978343009948
6.5,TP2,1000,SS,8.566463601589204
7.0,TP2,1000,SS,9.875245735645294
0.5,TP2,1200,SS,0.17389856576919557
1.0,TP2,1200,SS,0.2075211524963379
1.5,TP2,1200,SS,0.21013324737548827
2.0,TP2,1200,SS,0.22817621231079105
2.5,TP2,1200,SS,0.22381812334060666
3.0,TP2,1200,SS,0.25095684766769405
3.5,TP2,1200,SS,0.24745065689086915
4.0,TP2,1200,SS,0.34776523590087843
4.5,TP2,1200,SS,0.3591514992713928
5.0,TP2,1200,SS,1.494485340118408
5.5,TP2,1200,SS,2.5818801474571225
6.0,TP2,1200,SS,3.629122538566589
6.5,TP2,1200,SS,5.092687630653382
7.0,TP2,1200,SS,6.343267331123352
0.5,TP2,1400,SS,0.15644219636917117
1.0,TP2,1400,SS,0.15620236396789555
1.5,TP2,1400,SS,0.19571642875671386
2.0,TP2,1400,SS,0.19370365142822268
2.5,TP2,1400,SS,0.19642950773239135
3.0,TP2,1400,SS,0.2055850076675415
3.5,TP2,1400,SS,0.2363820743560791
4.0,TP2,1400,SS,0.2257357931137084
4.5,TP2,1400,SS,0.24808595657348598
5.0,TP2,1400,SS,0.40888829231262175
5.5,TP2,1400,SS,1.5358487915992733
6.0,TP2,1400,SS,2.1185137605667115
6.5,TP2,1400,SS,3.4566000699996957
7.0,TP2,1400,SS,4.572090401649475
0.5,TP2,1600,SS,0.1483811402320862
1.0,TP2,1600,SS,0.17327075004577638
1.5,TP2,1600,SS,0.17153410911560057
2.0,TP2,1600,SS,0.18507394790649415
2.5,TP2,1600,SS,0.19308614969253537
3.0,TP2,1600,SS,0.18807178974151612
3.5,TP2,1600,SS,0.20719245910644535
4.0,TP2,1600,SS,0.22624055862426756
4.5,TP2,1600,SS,0.2261743688583374
5.0,TP2,1600,SS,0.284669713973999
5.5,TP2,1600,SS,0.9952551269531245
6.0,TP2,1600,SS,1.5720175647735588
6.5,TP2,1600,SS,2.7317553162574773
7.0,TP2,1600,SS,3.6880996131896966
0.5,TP2,1800,SS,0.1486160206794739
1.0,TP2,1800,SS,0.18804097175598147
1.5,TP2,1800,SS,0.1765822696685791
2.0,TP2,1800,SS,0.16966643333435058
2.5,TP2,1800,SS,0.18395369768142697
3.0,TP2,1800,SS,0.19446609258651726
3.5,TP2,1800,SS,0.21155654907226565
4.0,TP2,1800,SS,0.22454045295715327
4.5,TP2,1800,SS,0.22798203945159912
5.0,TP2,1800,SS,0.2646939945220947
5.5,TP2,1800,SS,0.7635871100425717
6.0,TP2,1800,SS,1.6325895547866818
6.5,TP2,1800,SS,2.617302191257478
7.0,TP2,1800,SS,3.457893767356872
0.5,TP2,1980,SS,0.14793859243392948
1.0,TP2,1980,SS,0.16544046401977539
1.5,TP2,1980,SS,0.1782556104660034
2.0,TP2,1980,SS,0.17383956909179688
2.5,TP2,1980,SS,0.18268677711486817
3.0,TP2,1980,SS,0.19496675968170157
3.5,TP2,1980,SS,0.20152577400207522
4.0,TP2,1980,SS,0.28628329277038567
4.5,TP2,1980,SS,0.2306974577903744
5.0,TP2,1980,SS,0.25643712997436524
5.5,TP2,1980,SS,0.7486891531944273
6.0,TP2,1980,SS,1.4600670385360714
6.5,TP2,1980,SS,2.5352459907531744
7.0,TP2,1980,SS,3.367693722248077
0.5,TP2,800,SM,0.30007076025009155
1.0,TP2,800,SM,0.27376747131347656
1.5,TP2,800,SM,0.3572017717361449
2.0,TP2,800,SM,0.35764508247375487
2.5,TP2,800,SM,10.563019626140594
3.0,TP2,800,SM,15.521608309745787
3.5,TP2,800,SM,17.85703465461731
4.0,TP2,800,SM,19.31855620384216
4.5,TP2,800,SM,38.15937775373459
5.0,TP2,800,SM,41.11428790092468
0.5,TP2,1000,SM,0.22161555767059327
1.0,TP2,1000,SM,0.250792121887207
1.5,TP2,1000,SM,0.24283950328826903
2.0,TP2,1000,SM,0.2784651279449463
2.5,TP2,1000,SM,3.9426905751228327
3.0,TP2,1000,SM,9.45617426395416
3.5,TP2,1000,SM,12.154803714752198
4.0,TP2,1000,SM,13.478237018585203
4.5,TP2,1000,SM,27.041639788150786
5.0,TP2,1000,SM,29.783456916809083
0.5,TP2,1200,SM,0.1930357623100281
1.0,TP2,1200,SM,0.195330810546875
1.5,TP2,1200,SM,0.25386456012725817
2.0,TP2,1200,SM,0.22777981758117677
2.5,TP2,1200,SM,0.24083652257919305
3.0,TP2,1200,SM,6.615712549686428
3.5,TP2,1200,SM,8.806965684890747
4.0,TP2,1200,SM,10.357788467407225
4.5,TP2,1200,SM,21.067383909225462
5.0,TP2,1200,SM,23.22864903450012
0.5,TP2,1400,SM,0.16644632816314697
1.0,TP2,1400,SM,0.19250807762145997
1.5,TP2,1400,SM,0.18647906303405762
2.0,TP2,1400,SM,0.2610964298248291
2.5,TP2,1400,SM,0.2101875782012939
3.0,TP2,1400,SM,5.459868271350859
3.5,TP2,1400,SM,7.666269311904908
4.0,TP2,1400,SM,8.884374880790709
4.5,TP2,1400,SM,17.4388649725914
5.0,TP2,1400,SM,20.51474917411804
0.5,TP2,1600,SM,0.1760909676551819
1.0,TP2,1600,SM,0.16907100677490236
1.5,TP2,1600,SM,0.16210609912872312
2.0,TP2,1600,SM,0.19233946800231935
2.5,TP2,1600,SM,0.19687472581863402
3.0,TP2,1600,SM,4.660679886341093
3.5,TP2,1600,SM,6.656794118881226
4.0,TP2,1600,SM,8.004923129081725
4.5,TP2,1600,SM,16.283012850284575
5.0,TP2,1600,SM,19.112854957580566
0.5,TP2,1800,SM,0.16614826917648315
1.0,TP2,1800,SM,0.1579753875732422
1.5,TP2,1800,SM,0.1742063522338867
2.0,TP2,1800,SM,0.1844886302947998
2.5,TP2,1800,SM,0.19203587532043456
3.0,TP2,1800,SM,4.592490191459654
3.5,TP2,1800,SM,6.424448900222779
4.0,TP2,1800,SM,7.8163048124313335
4.5,TP2,1800,SM,15.824938011169433
5.0,TP2,1800,SM,18.569413356781006
0.5,TP2,1980,SM,0.17877153635025025
1.0,TP2,1980,SM,0.16929612159729004
1.5,TP2,1980,SM,0.1802255582809448
2.0,TP2,1980,SM,0.21159534454345708
2.5,TP2,1980,SM,0.18265071392059326
3.0,TP2,1980,SM,4.394467017650602
3.5,TP2,1980,SM,6.367835845947266
4.0,TP2,1980,SM,7.683322358131407
4.5,TP2,1980,SM,15.724287314414978
5.0,TP2,1980,SM,18.361621694564818
0.5,TP2,800,SL,0.3023491287231445
1.0,TP2,800,SL,0.276373291015625
1.5,TP2,800,SL,34.62822451114654
2.0,TP2,800,SL,41.66703906059265
2.5,TP2,800,SL,45.16410977602005
3.0,TP2,800,SL,54.80626401424403
3.5,TP2,800,SL,87.88376292228699
4.0,TP2,800,SL,98.58671781539917
0.5,TP2,1000,SL,0.20741465806961062
1.0,TP2,1000,SL,0.2472973346710205
1.5,TP2,1000,SL,23.74547263145447
2.0,TP2,1000,SL,30.19403953552246
2.5,TP2,1000,SL,33.93538690328598
3.0,TP2,1000,SL,40.679495527744265
3.5,TP2,1000,SL,69.7808739566803
4.0,TP2,1000,SL,76.9321640253067
0.5,TP2,1200,SL,0.1977497696876526
1.0,TP2,1200,SL,0.19862055778503418
1.5,TP2,1200,SL,17.16374726295471
2.0,TP2,1200,SL,24.104130506515503
2.5,TP2,1200,SL,27.355818691253663
3.0,TP2,1200,SL,32.777992451190926
3.5,TP2,1200,SL,59.858797035217286
4.0,TP2,1200,SL,64.65066224098206
0.5,TP2,1400,SL,0.17447510719299317
1.0,TP2,1400,SL,0.1845879077911377
1.5,TP2,1400,SL,14.488296184539793
2.0,TP2,1400,SL,20.66428623199463
2.5,TP2,1400,SL,24.715764379501344
3.0,TP2,1400,SL,29.647139298915846
3.5,TP2,1400,SL,54.525191898345945
4.0,TP2,1400,SL,58.96573184967041
0.5,TP2,1600,SL,0.15979300260543824
1.0,TP2,1600,SL,0.16423935890197755
1.5,TP2,1600,SL,13.581450786590576
2.0,TP2,1600,SL,19.117008876800536
2.5,TP2,1600,SL,23.12546072244644
3.0,TP2,1600,SL,25.624401438236234
3.5,TP2,1600,SL,51.855666418075565
4.0,TP2,1600,SL,56.49065200805664
0.5,TP2,1800,SL,0.16689173936843874
1.0,TP2,1800,SL,0.15403671264648439
1.5,TP2,1800,SL,12.769261322021483
2.0,TP2,1800,SL,18.830554389953612
2.5,TP2,1800,SL,22.52195728302002
3.0,TP2,1800,SL,25.03259241580963
3.5,TP2,1800,SL,51.445594272613526
4.0,TP2,1800,SL,55.135689501762386
0.5,TP2,1980,SL,0.16590978860855102
1.0,TP2,1980,SL,0.1734696388244629
1.5,TP2,1980,SL,12.672550048828125
2.0,TP2,1980,SL,18.413780975341798
2.5,TP2,1980,SL,21.93462594509125
3.0,TP2,1980,SL,24.712766227722167
3.5,TP2,1980,SL,50.702576122283936
4.0,TP2,1980,SL,54.44983704090118
0.5,TP2,800,MS,0.5415150046348571
1.0,TP2,800,MS,0.6658280849456788
1.5,TP2,800,MS,0.8645936918258661
2.0,TP2,800,MS,3.821101570129396
2.5,TP2,800,MS,8.70413038253784
3.0,TP2,800,MS,12.92960223197937
0.5,TP2,1000,MS,0.39747970819473266
1.0,TP2,1000,MS,0.49770956039428715
1.5,TP2,1000,MS,0.5705518722534179
2.0,TP2,1000,MS,0.758023500442505
2.5,TP2,1000,MS,3.4332512784004208
3.0,TP2,1000,MS,6.691083748340606
0.5,TP2,1200,MS,0.360439944267273
1.0,TP2,1200,MS,0.3831285953521729
1.5,TP2,1200,MS,0.42543632030487055
2.0,TP2,1200,MS,0.5045293807983399
2.5,TP2,1200,MS,1.4736267447471618
3.0,TP2,1200,MS,3.4732781982421876
0.5,TP2,1400,MS,0.3128681921958924
1.0,TP2,1400,MS,0.3102038860321045
1.5,TP2,1400,MS,0.34750126361846906
2.0,TP2,1400,MS,0.41754035949707036
2.5,TP2,1400,MS,0.5463252234458923
3.0,TP2,1400,MS,2.078229782581329
0.5,TP2,1600,MS,0.2899579071998597
1.0,TP2,1600,MS,0.3041237831115723
1.5,TP2,1600,MS,0.32642939567565904
2.0,TP2,1600,MS,0.3885113716125489
2.5,TP2,1600,MS,0.5305324959754942
3.0,TP2,1600,MS,1.694441599845886
0.5,TP2,1800,MS,0.287621443271637
1.0,TP2,1800,MS,0.29167022705078127
1.5,TP2,1800,MS,0.33376708984374986
2.0,TP2,1800,MS,0.38570857048034674
2.5,TP2,1800,MS,0.42132891416549684
3.0,TP2,1800,MS,1.7030759119987486
0.5,TP2,1980,MS,0.2909923720359803
1.0,TP2,1980,MS,0.3120543956756592
1.5,TP2,1980,MS,0.338354182243347
2.0,TP2,1980,MS,0.38545093536376956
2.5,TP2,1980,MS,0.41807952404022214
3.0,TP2,1980,MS,1.6500890159606931
0.5,TP2,800,MM,0.5418511438369751
1.0,TP2,800,MM,0.6215362071990967
1.5,TP2,800,MM,13.770079145431517
2.0,TP2,800,MM,17.145680904388428
2.5,TP2,800,MM,36.757389969825745
3.0,TP2,800,MM,39.8724591255188
0.5,TP2,1000,MM,0.42038716316223146
1.0,TP2,1000,MM,0.5723443031311036
1.5,TP2,1000,MM,8.06427876472473
2.0,TP2,1000,MM,11.63422737121582
2.5,TP2,1000,MM,25.678920097351075
3.0,TP2,1000,MM,29.163592050075533
0.5,TP2,1200,MM,0.3624124312400818
1.0,TP2,1200,MM,0.3846770763397217
1.5,TP2,1200,MM,5.0896394395828235
2.0,TP2,1200,MM,8.890981769561767
2.5,TP2,1200,MM,19.696874372959137
3.0,TP2,1200,MM,22.473473200798033
0.5,TP2,1400,MM,0.30948065280914305
1.0,TP2,1400,MM,0.33755240440368656
1.5,TP2,1400,MM,3.816546206474303
2.0,TP2,1400,MM,7.277431535720826
2.5,TP2,1400,MM,16.67137615919113
3.0,TP2,1400,MM,19.669474012851715
0.5,TP2,1600,MM,0.30575559616088865
1.0,TP2,1600,MM,0.3060751438140869
1.5,TP2,1600,MM,2.8084431505203247
2.0,TP2,1600,MM,6.486933994293214
2.5,TP2,1600,MM,15.37208032131195
3.0,TP2,1600,MM,18.601352210044862
0.5,TP2,1800,MM,0.2872701311111451
1.0,TP2,1800,MM,0.30167622566223146
1.5,TP2,1800,MM,2.9164579820632923
2.0,TP2,1800,MM,6.059590101242065
2.5,TP2,1800,MM,14.970572514533997
3.0,TP2,1800,MM,18.227912845611574
0.5,TP2,1980,MM,0.29541802406311035
1.0,TP2,1980,MM,0.325644588470459
1.5,TP2,1980,MM,2.7131871700286854
2.0,TP2,1980,MM,6.022167730331422
2.5,TP2,1980,MM,14.894137375354767
3.0,TP2,1980,MM,18.1333255982399
0.5,TP2,800,ML,0.49569139242172244
1.0,TP2,800,ML,35.44528455734253
1.5,TP2,800,ML,42.92670273780823
2.0,TP2,800,ML,87.76301560401917
2.5,TP2,800,ML,95.99505022525787
0.5,TP2,1000,ML,0.394405689239502
1.0,TP2,1000,ML,24.71124577522278
1.5,TP2,1000,ML,32.19572095394134
2.0,TP2,1000,ML,68.1435769557953
2.5,TP2,1000,ML,74.10124794244766
0.5,TP2,1200,ML,0.3323530340194702
1.0,TP2,1200,ML,17.080555105209353
1.5,TP2,1200,ML,25.819150385856627
2.0,TP2,1200,ML,56.14073143005371
2.5,TP2,1200,ML,61.800074994564056
0.5,TP2,1400,ML,0.31077800750732426
1.0,TP2,1400,ML,14.606638431549074
1.5,TP2,1400,ML,23.431492438316344
2.0,TP2,1400,ML,51.36706414222717
2.5,TP2,1400,ML,56.35991741418839
0.5,TP2,1600,ML,0.2883501696586609
1.0,TP2,1600,ML,13.384936141967774
1.5,TP2,1600,ML,22.32588499546051
2.0,TP2,1600,ML,49.52230839729309
2.5,TP2,1600,ML,53.77647236585617
0.5,TP2,1800,ML,0.28069597244262695
1.0,TP2,1800,ML,11.632335233688355
1.5,TP2,1800,ML,21.554990100860593
2.0,TP2,1800,ML,48.73283863067627
2.5,TP2,1800,ML,52.57078159809112
0.5,TP2,1980,ML,0.29635119915008545
1.0,TP2,1980,ML,11.275673103332519
1.5,TP2,1980,ML,21.42041106700897
2.0,TP2,1980,ML,48.153810596466066
2.5,TP2,1980,ML,51.97023430585861
0.5,TP2,800,LS,2.609851422309876
1.0,TP2,800,LS,6.251399898529053
1.5,TP2,800,LS,18.95793060302734
2.0,TP2,800,LS,25.165592098236086
0.5,TP2,1000,LS,2.0346497249603273
1.0,TP2,1000,LS,3.034565591812134
1.5,TP2,1000,LS,11.403480453491209
2.0,TP2,1000,LS,16.36393823623657
0.5,TP2,1200,LS,1.689003715515137
1.0,TP2,1200,LS,2.4379549026489262
1.5,TP2,1200,LS,6.827073206901548
2.0,TP2,1200,LS,11.612124156951905
0.5,TP2,1400,LS,1.4376957917213442
1.0,TP2,1400,LS,2.044811058044434
1.5,TP2,1400,LS,4.502334518432614
2.0,TP2,1400,LS,8.466721391677858
0.5,TP2,1600,LS,1.4405538153648378
1.0,TP2,1600,LS,2.0386632919311527
1.5,TP2,1600,LS,4.496596579551693
2.0,TP2,1600,LS,8.39333930015564
0.5,TP2,1800,LS,1.4340433192253115
1.0,TP2,1800,LS,2.0436338901519777
1.5,TP2,1800,LS,4.466867580413815
2.0,TP2,1800,LS,8.371595954895021
0.5,TP2,1980,LS,1.4599670982360842
1.0,TP2,1980,LS,2.0924067497253422
1.5,TP2,1980,LS,4.606509490013119
2.0,TP2,1980,LS,8.770177364349365
0.5,TP2,800,LM,2.6075521469116216
1.0,TP2,800,LM,6.259832811355591
1.5,TP2,800,LM,18.960162401199337
2.0,TP2,800,LM,25.174459409713744
0.5,TP2,1000,LM,2.0423015618324283
1.0,TP2,1000,LM,3.071681308746338
1.5,TP2,1000,LM,11.486585245132444
2.0,TP2,1000,LM,16.4852153301239
0.5,TP2,1200,LM,0.953516616131
1.0,TP2,1200,LM,2.450409507751465
1.5,TP2,1200,LM,6.83076353549957
2.0,TP2,1200,LM,11.533010625839234
0.5,TP2,1400,LM,1.440457901954651
1.0,TP2,1400,LM,2.026555442810059
1.5,TP2,1400,LM,4.5021241044998135
2.0,TP2,1400,LM,8.437835454940796
0.5,TP2,1600,LM,1.4336923122406007
1.0,TP2,1600,LM,2.045135545730591
1.5,TP2,1600,LM,4.5554638051986664
2.0,TP2,1600,LM,8.376560497283936
0.5,TP2,1800,LM,1.4329556632041933
1.0,TP2,1800,LM,2.033923149108887
1.5,TP2,1800,LM,4.474572043418881
2.0,TP2,1800,LM,8.381417417526245
0.5,TP2,1980,LM,1.458307263851166
1.0,TP2,1980,LM,2.086873531341553
1.5,TP2,1980,LM,4.592201337814328
2.0,TP2,1980,LM,8.67228970527649
0.5,TP2,800,LL,2.609375286102295
1.0,TP2,800,LL,6.254303455352784
1.5,TP2,800,LL,19.02516545295715
0.5,TP2,1000,LL,2.0401464724540714
1.0,TP2,1000,LL,3.070727443695069
1.5,TP2,1000,LL,11.453946962356564
0.5,TP2,1200,LL,1.6927393245697024
1.0,TP2,1200,LL,2.4470545768737795
1.5,TP2,1200,LL,6.815238990783689
0.5,TP2,1400,LL,1.4382174348831178
1.0,TP2,1400,LL,2.038929653167725
1.5,TP2,1400,LL,4.50006788730621
0.5,TP2,1600,LL,1.430961174964905
1.0,TP2,1600,LL,2.0267606258392337
1.5,TP2,1600,LL,4.481874308586117
0.5,TP2,1800,LL,1.431627666950226
1.0,TP2,1800,LL,2.0450919151306155
1.5,TP2,1800,LL,4.4653417444229095
0.5,TP2,1980,LL,1.4638771080970765
1.0,TP2,1980,LL,2.145870208740235
1.5,TP2,1980,LL,4.587263603210446
