load,parallelization_strategy,frequency,request_type,energy
0.5,TP8,800,SS,137.27004195804196
1.0,TP8,800,SS,144.30886956521738
1.5,TP8,800,SS,149.6819512195122
2.0,TP8,800,SS,151.2331976047904
2.5,TP8,800,SS,151.7998604651163
3.0,TP8,800,SS,153.32606896551724
3.5,TP8,800,SS,152.67056647398846
4.0,TP8,800,SS,154.43958620689656
4.5,TP8,800,SS,155.57057627118644
5.0,TP8,800,SS,155.74686363636363
5.5,TP8,800,SS,157.5119534883721
6.0,TP8,800,SS,158.48867039106145
6.5,TP8,800,SS,159.35142222222223
7.0,TP8,800,SS,160.86570786516856
7.5,TP8,800,SS,161.69179888268155
8.0,TP8,800,SS,161.64426373626375
8.5,TP8,800,SS,163.49486315789474
9.0,TP8,800,SS,164.07961497326204
0.5,TP8,1000,SS,142.19443478260868
1.0,TP8,1000,SS,152.88789743589743
1.5,TP8,1000,SS,162.06810000000002
2.0,TP8,1000,SS,164.8795582822086
2.5,TP8,1000,SS,164.32239520958083
3.0,TP8,1000,SS,167.39161676646708
3.5,TP8,1000,SS,166.01392771084338
4.0,TP8,1000,SS,167.208
4.5,TP8,1000,SS,168.12785964912283
5.0,TP8,1000,SS,169.32634319526628
5.5,TP8,1000,SS,170.5885575757576
6.0,TP8,1000,SS,171.18256647398843
6.5,TP8,1000,SS,171.5226358381503
7.0,TP8,1000,SS,172.68683720930233
7.5,TP8,1000,SS,172.70423121387282
8.0,TP8,1000,SS,174.34367816091952
8.5,TP8,1000,SS,176.17872727272726
9.0,TP8,1000,SS,176.6254797687861
0.5,TP8,1200,SS,149.3760588235294
1.0,TP8,1200,SS,165.5267450980392
1.5,TP8,1200,SS,176.47179487179486
2.0,TP8,1200,SS,183.9972
2.5,TP8,1200,SS,182.0240975609756
3.0,TP8,1200,SS,184.95214545454544
3.5,TP8,1200,SS,182.6668606060606
4.0,TP8,1200,SS,184.93949090909092
4.5,TP8,1200,SS,185.29614545454547
5.0,TP8,1200,SS,186.01240718562875
5.5,TP8,1200,SS,187.2942
6.0,TP8,1200,SS,187.9824
6.5,TP8,1200,SS,190.3492705882353
7.0,TP8,1200,SS,191.74347305389222
7.5,TP8,1200,SS,193.2407619047619
8.0,TP8,1200,SS,193.32889940828403
8.5,TP8,1200,SS,193.62884571428572
9.0,TP8,1200,SS,194.25618823529413
0.5,TP8,1400,SS,170.16006015037595
1.0,TP8,1400,SS,188.99341176470588
1.5,TP8,1400,SS,207.73683116883117
2.0,TP8,1400,SS,215.6867770700637
2.5,TP8,1400,SS,217.13570186335403
3.0,TP8,1400,SS,217.00431901840489
3.5,TP8,1400,SS,218.1240245398773
4.0,TP8,1400,SS,219.75723456790124
4.5,TP8,1400,SS,220.6199512195122
5.0,TP8,1400,SS,220.13365853658536
5.5,TP8,1400,SS,217.84521518987341
6.0,TP8,1400,SS,221.5209101796407
6.5,TP8,1400,SS,222.4587294117647
7.0,TP8,1400,SS,226.3151515151515
7.5,TP8,1400,SS,226.63495757575757
8.0,TP8,1400,SS,228.9997108433735
8.5,TP8,1400,SS,230.45896470588235
9.0,TP8,1400,SS,231.12297005988023
0.5,TP8,1600,SS,194.2633984962406
1.0,TP8,1600,SS,216.16540397350994
1.5,TP8,1600,SS,237.1261699346405
2.0,TP8,1600,SS,247.8194649681529
2.5,TP8,1600,SS,248.8848695652174
3.0,TP8,1600,SS,250.6594846625767
3.5,TP8,1600,SS,248.32638036809814
4.0,TP8,1600,SS,250.59111111111113
4.5,TP8,1600,SS,251.60224390243906
5.0,TP8,1600,SS,251.75878787878787
5.5,TP8,1600,SS,252.7204025157233
6.0,TP8,1600,SS,254.47300598802394
6.5,TP8,1600,SS,261.1925818181818
7.0,TP8,1600,SS,259.3776385542169
7.5,TP8,1600,SS,262.70640490797547
8.0,TP8,1600,SS,263.46268292682925
8.5,TP8,1600,SS,265.05472189349115
9.0,TP8,1600,SS,267.7857831325301
0.5,TP8,1800,SS,207.45166917293233
1.0,TP8,1800,SS,231.2584533333333
1.5,TP8,1800,SS,255.6165714285714
2.0,TP8,1800,SS,267.725670886076
2.5,TP8,1800,SS,272.0831801242236
3.0,TP8,1800,SS,274.82434567901237
3.5,TP8,1800,SS,273.5739130434783
4.0,TP8,1800,SS,273.6138633540373
4.5,TP8,1800,SS,275.4890243902439
5.0,TP8,1800,SS,275.28569325153376
5.5,TP8,1800,SS,279.1075220125786
6.0,TP8,1800,SS,281.2804311377246
6.5,TP8,1800,SS,281.9765269461078
7.0,TP8,1800,SS,286.65158282208586
7.5,TP8,1800,SS,286.4013090909091
8.0,TP8,1800,SS,288.4445090909091
8.5,TP8,1800,SS,291.07435294117647
9.0,TP8,1800,SS,294.85356097560975
0.5,TP8,1980,SS,210.14139393939394
1.0,TP8,1980,SS,233.74743624161076
1.5,TP8,1980,SS,258.6620779220779
2.0,TP8,1980,SS,272.19065806451613
2.5,TP8,1980,SS,276.5718260869565
3.0,TP8,1980,SS,278.83085714285716
3.5,TP8,1980,SS,277.3947654320987
4.0,TP8,1980,SS,281.28345
4.5,TP8,1980,SS,277.50858536585366
5.0,TP8,1980,SS,280.4170306748466
5.5,TP8,1980,SS,282.7419
6.0,TP8,1980,SS,285.7215903614458
6.5,TP8,1980,SS,291.96043902439027
7.0,TP8,1980,SS,290.2959509202454
7.5,TP8,1980,SS,290.0879024390244
8.0,TP8,1980,SS,293.98162424242423
8.5,TP8,1980,SS,295.32
9.0,TP8,1980,SS,298.26172121212124
0.5,TP8,800,SM,148.6476577540107
1.0,TP8,800,SM,148.7584
1.5,TP8,800,SM,148.39116981132076
2.0,TP8,800,SM,148.95451121076232
2.5,TP8,800,SM,149.16924444444444
3.0,TP8,800,SM,150.36793043478264
3.5,TP8,800,SM,150.14017391304347
4.0,TP8,800,SM,151.40578723404255
4.5,TP8,800,SM,152.20519008264463
5.0,TP8,800,SM,152.07570731707318
5.5,TP8,800,SM,151.16529083665338
6.0,TP8,800,SM,151.89946268656715
6.5,TP8,800,SM,152.6584117647059
7.0,TP8,800,SM,152.24116363636364
0.5,TP8,1000,SM,161.86811428571428
1.0,TP8,1000,SM,161.80493264248705
1.5,TP8,1000,SM,161.46949494949496
2.0,TP8,1000,SM,161.98116504854372
2.5,TP8,1000,SM,162.560995215311
3.0,TP8,1000,SM,162.58490140845072
3.5,TP8,1000,SM,163.3069811320755
4.0,TP8,1000,SM,163.33915596330277
4.5,TP8,1000,SM,164.64965765765766
5.0,TP8,1000,SM,164.12043438914029
5.5,TP8,1000,SM,163.8907256637168
6.0,TP8,1000,SM,164.14034854771785
6.5,TP8,1000,SM,163.69980487804878
7.0,TP8,1000,SM,164.01421513944223
0.5,TP8,1200,SM,180.39440963855424
1.0,TP8,1200,SM,181.08708695652172
1.5,TP8,1200,SM,179.40033862433862
2.0,TP8,1200,SM,178.71454545454546
2.5,TP8,1200,SM,178.7412
3.0,TP8,1200,SM,179.65293203883496
3.5,TP8,1200,SM,179.3082926829268
4.0,TP8,1200,SM,180.6438647342995
4.5,TP8,1200,SM,181.21392452830187
5.0,TP8,1200,SM,180.3963396226415
5.5,TP8,1200,SM,182.49496650717703
6.0,TP8,1200,SM,180.6298245614035
6.5,TP8,1200,SM,181.54337931034482
7.0,TP8,1200,SM,182.21661802575107
0.5,TP8,1400,SM,210.00385185185186
1.0,TP8,1400,SM,211.49224309392264
1.5,TP8,1400,SM,211.5103043478261
2.0,TP8,1400,SM,210.0687835051546
2.5,TP8,1400,SM,210.31432653061225
3.0,TP8,1400,SM,212.37877386934673
3.5,TP8,1400,SM,212.95074747474746
4.0,TP8,1400,SM,213.79223880597013
4.5,TP8,1400,SM,213.26050485436892
5.0,TP8,1400,SM,212.16662745098037
5.5,TP8,1400,SM,215.19743842364534
6.0,TP8,1400,SM,214.8831028037383
6.5,TP8,1400,SM,214.34523636363636
7.0,TP8,1400,SM,214.83942857142856
0.5,TP8,1600,SM,246.7892830188679
1.0,TP8,1600,SM,248.11845454545454
1.5,TP8,1600,SM,241.5811868131868
2.0,TP8,1600,SM,246.5831111111111
2.5,TP8,1600,SM,242.81139896373057
3.0,TP8,1600,SM,241.58917171717172
3.5,TP8,1600,SM,243.47130612244896
4.0,TP8,1600,SM,246.24831999999998
4.5,TP8,1600,SM,244.49398058252427
5.0,TP8,1600,SM,250.207797979798
5.5,TP8,1600,SM,247.98423880597016
6.0,TP8,1600,SM,248.3994258373206
6.5,TP8,1600,SM,247.98725925925925
7.0,TP8,1600,SM,245.49976255707762
0.5,TP8,1800,SM,263.59441509433964
1.0,TP8,1800,SM,265.959
1.5,TP8,1800,SM,264.20738121546964
2.0,TP8,1800,SM,265.18802139037433
2.5,TP8,1800,SM,264.7899895287958
3.0,TP8,1800,SM,264.65050256410257
3.5,TP8,1800,SM,266.4323711340206
4.0,TP8,1800,SM,266.78556000000003
4.5,TP8,1800,SM,268.50699507389163
5.0,TP8,1800,SM,268.03904950495047
5.5,TP8,1800,SM,268.60912
6.0,TP8,1800,SM,272.3636153846154
6.5,TP8,1800,SM,271.5540186915888
7.0,TP8,1800,SM,269.474495412844
0.5,TP8,1980,SM,270.4536050955414
1.0,TP8,1980,SM,267.8125057471264
1.5,TP8,1980,SM,266.84346666666664
2.0,TP8,1980,SM,264.35906382978726
2.5,TP8,1980,SM,268.95830687830687
3.0,TP8,1980,SM,268.29134020618557
3.5,TP8,1980,SM,270.70208333333335
4.0,TP8,1980,SM,270.6434747474748
4.5,TP8,1980,SM,270.6380497512438
5.0,TP8,1980,SM,269.3921584158416
5.5,TP8,1980,SM,274.71535353535353
6.0,TP8,1980,SM,273.92173076923075
6.5,TP8,1980,SM,270.9784930232558
7.0,TP8,1980,SM,274.56229629629627
0.5,TP8,800,SL,147.12013651877132
1.0,TP8,800,SL,146.89391194968553
1.5,TP8,800,SL,147.30967272727273
2.0,TP8,800,SL,147.94381714285714
2.5,TP8,800,SL,147.96647191011235
3.0,TP8,800,SL,147.47826737967915
3.5,TP8,800,SL,147.288
4.0,TP8,800,SL,147.20759697732996
4.5,TP8,800,SL,145.23173509933773
5.0,TP8,800,SL,144.9427772925764
0.5,TP8,1000,SL,160.53067704280156
1.0,TP8,1000,SL,159.3058309859155
1.5,TP8,1000,SL,160.11808873720136
2.0,TP8,1000,SL,159.8915015974441
2.5,TP8,1000,SL,159.92680000000001
3.0,TP8,1000,SL,159.41745671641792
3.5,TP8,1000,SL,159.91117159763314
4.0,TP8,1000,SL,159.01532394366197
4.5,TP8,1000,SL,157.00060913705585
5.0,TP8,1000,SL,156.7778
0.5,TP8,1200,SL,178.5407594936709
1.0,TP8,1200,SL,176.93736882129278
1.5,TP8,1200,SL,176.34633576642335
2.0,TP8,1200,SL,176.53960677966103
2.5,TP8,1200,SL,176.78271140939597
3.0,TP8,1200,SL,176.4451870967742
3.5,TP8,1200,SL,176.09032258064516
4.0,TP8,1200,SL,175.69149090909093
4.5,TP8,1200,SL,172.49993442622952
5.0,TP8,1200,SL,172.98439024390242
0.5,TP8,1400,SL,209.77522466960355
1.0,TP8,1400,SL,208.01724302788844
1.5,TP8,1400,SL,208.0112558139535
2.0,TP8,1400,SL,206.68475444839856
2.5,TP8,1400,SL,206.93187368421053
3.0,TP8,1400,SL,206.96344406779662
3.5,TP8,1400,SL,205.87041610738254
4.0,TP8,1400,SL,205.49531210191083
4.5,TP8,1400,SL,202.88081159420292
5.0,TP8,1400,SL,202.3300342857143
0.5,TP8,1600,SL,243.78010810810812
1.0,TP8,1600,SL,242.15980487804876
1.5,TP8,1600,SL,241.15320634920636
2.0,TP8,1600,SL,240.7699270072993
2.5,TP8,1600,SL,241.1054676258993
3.0,TP8,1600,SL,240.50054355400698
3.5,TP8,1600,SL,238.75543642611683
4.0,TP8,1600,SL,236.6798181818182
4.5,TP8,1600,SL,234.64713513513513
5.0,TP8,1600,SL,232.65341935483872
0.5,TP8,1800,SL,262.2689090909091
1.0,TP8,1800,SL,260.68431275720167
1.5,TP8,1800,SL,262.17121285140564
2.0,TP8,1800,SL,260.026021978022
2.5,TP8,1800,SL,260.54247619047624
3.0,TP8,1800,SL,260.40556643356643
3.5,TP8,1800,SL,259.50566089965395
4.0,TP8,1800,SL,258.31971052631576
4.5,TP8,1800,SL,255.68351515151514
5.0,TP8,1800,SL,256.07611976047906
0.5,TP8,1980,SL,265.5434074074074
1.0,TP8,1980,SL,266.4520497925311
1.5,TP8,1980,SL,265.8547044534413
2.0,TP8,1980,SL,264.1090447761194
2.5,TP8,1980,SL,266.43311355311357
3.0,TP8,1980,SL,265.3385070422535
3.5,TP8,1980,SL,264.00386013986014
4.0,TP8,1980,SL,261.97169636963696
4.5,TP8,1980,SL,259.5176441717791
5.0,TP8,1980,SL,258.9455615615616
0.5,TP8,800,MS,141.30016666666666
1.0,TP8,800,MS,147.39468292682926
1.5,TP8,800,MS,154.99734939759037
2.0,TP8,800,MS,158.16338823529412
2.5,TP8,800,MS,160.49032558139535
3.0,TP8,800,MS,163.76041142857142
3.5,TP8,800,MS,164.40323699421964
0.5,TP8,1000,MS,144.1830215827338
1.0,TP8,1000,MS,157.80949677419355
1.5,TP8,1000,MS,168.1207
2.0,TP8,1000,MS,172.78910429447853
2.5,TP8,1000,MS,174.8465628742515
3.0,TP8,1000,MS,176.2320946745562
3.5,TP8,1000,MS,177.40103529411763
0.5,TP8,1200,MS,151.982598540146
1.0,TP8,1200,MS,168.01922077922077
1.5,TP8,1200,MS,184.04300636942676
2.0,TP8,1200,MS,193.35885714285715
2.5,TP8,1200,MS,193.98770731707316
3.0,TP8,1200,MS,196.91762424242424
3.5,TP8,1200,MS,199.87723636363634
0.5,TP8,1400,MS,174.01706666666666
1.0,TP8,1400,MS,196.8393157894737
1.5,TP8,1400,MS,215.95283116883115
2.0,TP8,1400,MS,227.63815
2.5,TP8,1400,MS,230.21925925925925
3.0,TP8,1400,MS,232.3200490797546
3.5,TP8,1400,MS,234.49035582822086
0.5,TP8,1600,MS,195.6329552238806
1.0,TP8,1600,MS,221.67115789473687
1.5,TP8,1600,MS,246.81161290322584
2.0,TP8,1600,MS,262.90430379746834
2.5,TP8,1600,MS,264.143900621118
3.0,TP8,1600,MS,272.5555337423313
3.5,TP8,1600,MS,275.2384596273292
0.5,TP8,1800,MS,212.5400902255639
1.0,TP8,1800,MS,238.04784
1.5,TP8,1800,MS,265.88316883116886
2.0,TP8,1800,MS,285.2126075949367
2.5,TP8,1800,MS,289.6139627329192
3.0,TP8,1800,MS,295.416981595092
3.5,TP8,1800,MS,300.0216149068323
0.5,TP8,1980,MS,215.05479699248122
1.0,TP8,1980,MS,241.55237086092717
1.5,TP8,1980,MS,273.85495424836597
2.0,TP8,1980,MS,291.5182051282051
2.5,TP8,1980,MS,294.0950559006211
3.0,TP8,1980,MS,303.59548466257667
3.5,TP8,1980,MS,305.835012345679
0.5,TP8,800,MM,149.97498412698414
1.0,TP8,800,MM,151.50285167464116
1.5,TP8,800,MM,152.76467289719625
2.0,TP8,800,MM,156.20642105263158
2.5,TP8,800,MM,157.75370434782607
3.0,TP8,800,MM,158.9939079497908
3.5,TP8,800,MM,159.86835146443514
0.5,TP8,1000,MM,164.12372413793102
1.0,TP8,1000,MM,164.5816907216495
1.5,TP8,1000,MM,166.95301010101008
2.0,TP8,1000,MM,169.74598095238096
2.5,TP8,1000,MM,170.39241121495328
3.0,TP8,1000,MM,174.26304587155963
3.5,TP8,1000,MM,172.5092
0.5,TP8,1200,MM,181.3034761904762
1.0,TP8,1200,MM,184.01388108108108
1.5,TP8,1200,MM,184.0216170212766
2.0,TP8,1200,MM,188.28707999999997
2.5,TP8,1200,MM,189.79770297029702
3.0,TP8,1200,MM,193.2096923076923
3.5,TP8,1200,MM,192.97348792270532
0.5,TP8,1400,MM,211.21899386503068
1.0,TP8,1400,MM,217.30466666666663
1.5,TP8,1400,MM,218.35065945945948
2.0,TP8,1400,MM,222.51290721649485
2.5,TP8,1400,MM,222.93721827411167
3.0,TP8,1400,MM,230.06555223880596
3.5,TP8,1400,MM,229.61864000000003
0.5,TP8,1600,MM,249.41321739130433
1.0,TP8,1600,MM,251.0878212290503
1.5,TP8,1600,MM,250.87226086956522
2.0,TP8,1600,MM,259.10131937172775
2.5,TP8,1600,MM,258.47589637305697
3.0,TP8,1600,MM,262.79828000000003
3.5,TP8,1600,MM,268.2197766497462
0.5,TP8,1800,MM,268.2866835443038
1.0,TP8,1800,MM,270.4423820224719
1.5,TP8,1800,MM,273.45771428571425
2.0,TP8,1800,MM,280.61068062827223
2.5,TP8,1800,MM,283.8262916666667
3.0,TP8,1800,MM,292.56224489795915
3.5,TP8,1800,MM,294.35571428571427
0.5,TP8,1980,MM,274.461786163522
1.0,TP8,1980,MM,275.25015730337077
1.5,TP8,1980,MM,280.0586961325967
2.0,TP8,1980,MM,286.95625263157893
2.5,TP8,1980,MM,288.5540833333333
3.0,TP8,1980,MM,294.0237969543147
3.5,TP8,1980,MM,298.33794818652854
0.5,TP8,800,ML,149.41250169491525
1.0,TP8,800,ML,150.17684210526318
1.5,TP8,800,ML,150.9509253731343
2.0,TP8,800,ML,152.16832786885246
2.5,TP8,800,ML,153.02081720430107
3.0,TP8,800,ML,154.53402544529263
0.5,TP8,1000,ML,162.65673282442748
1.0,TP8,1000,ML,163.05717482517483
1.5,TP8,1000,ML,164.53527516778524
2.0,TP8,1000,ML,165.21125382262997
2.5,TP8,1000,ML,166.39245783132532
3.0,TP8,1000,ML,166.77996561604584
0.5,TP8,1200,ML,180.0004315352697
1.0,TP8,1200,ML,181.0662424242424
1.5,TP8,1200,ML,180.78605054151623
2.0,TP8,1200,ML,184.34697674418607
2.5,TP8,1200,ML,183.51249032258065
3.0,TP8,1200,ML,185.30995692307692
0.5,TP8,1400,ML,211.65170305676855
1.0,TP8,1400,ML,211.76561568627451
1.5,TP8,1400,ML,213.5640909090909
2.0,TP8,1400,ML,216.44875
2.5,TP8,1400,ML,215.21325252525253
3.0,TP8,1400,ML,217.89968831168832
0.5,TP8,1600,ML,246.18615246636773
1.0,TP8,1600,ML,245.54268273092367
1.5,TP8,1600,ML,245.89609375
2.0,TP8,1600,ML,249.18201418439713
2.5,TP8,1600,ML,249.9023888888889
3.0,TP8,1600,ML,250.61273684210525
0.5,TP8,1800,ML,265.9411402714932
1.0,TP8,1800,ML,267.82811522633745
1.5,TP8,1800,ML,270.3177952755906
2.0,TP8,1800,ML,273.0652616487455
2.5,TP8,1800,ML,275.63735211267607
3.0,TP8,1800,ML,276.06667558528426
0.5,TP8,1980,ML,272.33449541284403
1.0,TP8,1980,ML,273.13188477366253
1.5,TP8,1980,ML,273.6681587301587
2.0,TP8,1980,ML,277.67375182481754
2.5,TP8,1980,ML,278.31974377224196
3.0,TP8,1980,ML,281.1547382550335
0.5,TP8,800,LS,122.52537600000001
1.0,TP8,800,LS,150.01509219858156
1.5,TP8,800,LS,181.88364137931035
2.0,TP8,800,LS,216.71838095238095
0.5,TP8,1000,LS,122.03882926829269
1.0,TP8,1000,LS,153.11336170212766
1.5,TP8,1000,LS,179.45077777777777
2.0,TP8,1000,LS,226.29246153846157
0.5,TP8,1200,LS,130.29378861788618
1.0,TP8,1200,LS,170.4176
1.5,TP8,1200,LS,188.0643916083916
2.0,TP8,1200,LS,241.56405263157893
0.5,TP8,1400,LS,150.26380327868853
1.0,TP8,1400,LS,184.4139856115108
1.5,TP8,1400,LS,220.06185915492958
2.0,TP8,1400,LS,286.10496
0.5,TP8,1600,LS,167.03378512396694
1.0,TP8,1600,LS,204.80720567375886
1.5,TP8,1600,LS,246.57628169014086
2.0,TP8,1600,LS,317.55886486486486
0.5,TP8,1800,LS,177.58459504132233
1.0,TP8,1800,LS,217.27805714285714
1.5,TP8,1800,LS,256.0348169014085
2.0,TP8,1800,LS,337.15621917808215
0.5,TP8,1980,LS,180.41888524590163
1.0,TP8,1980,LS,219.8273714285714
1.5,TP8,1980,LS,262.2553802816902
2.0,TP8,1980,LS,336.44059863945574
0.5,TP8,800,LM,122.617216
1.0,TP8,800,LM,150.9988085106383
1.5,TP8,800,LM,180.54624657534248
2.0,TP8,800,LM,214.68254117647058
0.5,TP8,1000,LM,122.06631404958677
1.0,TP8,1000,LM,152.3950144927536
1.5,TP8,1000,LM,178.36627777777778
2.0,TP8,1000,LM,225.98668354430382
0.5,TP8,1200,LM,128.69401652892563
1.0,TP8,1200,LM,161.14325714285715
1.5,TP8,1200,LM,195.33081690140844
2.0,TP8,1200,LM,241.64405263157894
0.5,TP8,1400,LM,149.57226229508197
1.0,TP8,1400,LM,184.78921985815603
1.5,TP8,1400,LM,222.7158581560284
2.0,TP8,1400,LM,285.1967785234899
0.5,TP8,1600,LM,167.7752131147541
1.0,TP8,1600,LM,205.6765142857143
1.5,TP8,1600,LM,245.5354929577465
2.0,TP8,1600,LM,319.03853061224487
0.5,TP8,1800,LM,179.76700826446282
1.0,TP8,1800,LM,221.16284057971012
1.5,TP8,1800,LM,260.83932867132864
2.0,TP8,1800,LM,336.0622585034014
0.5,TP8,1980,LM,177.64978512396695
1.0,TP8,1980,LM,219.00591304347824
1.5,TP8,1980,LM,260.9571111111111
2.0,TP8,1980,LM,336.86225850340134
0.5,TP8,800,LL,123.80710400000001
1.0,TP8,800,LL,149.3189142857143
1.5,TP8,800,LL,180.03923287671233
0.5,TP8,1000,LL,122.3817520661157
1.0,TP8,1000,LL,152.6433475177305
1.5,TP8,1000,LL,178.98662937062937
0.5,TP8,1200,LL,130.84386885245902
1.0,TP8,1200,LL,164.6965179856115
1.5,TP8,1200,LL,191.13096503496502
0.5,TP8,1400,LL,148.35573333333332
1.0,TP8,1400,LL,185.92834782608696
1.5,TP8,1400,LL,220.25712676056338
0.5,TP8,1600,LL,164.45480991735536
1.0,TP8,1600,LL,206.67445714285714
1.5,TP8,1600,LL,245.17628169014083
0.5,TP8,1800,LL,179.24561983471077
1.0,TP8,1800,LL,217.34468571428573
1.5,TP8,1800,LL,261.642985915493
0.5,TP8,1980,LL,179.96264462809916
1.0,TP8,1980,LL,218.25369784172662
1.5,TP8,1980,LL,258.6659020979021
0.5,TP4,800,SS,87.02365137614679
1.0,TP4,800,SS,90.85227906976745
1.5,TP4,800,SS,91.6897399103139
2.0,TP4,800,SS,93.13507423580786
2.5,TP4,800,SS,94.75319266055045
3.0,TP4,800,SS,95.51155172413793
3.5,TP4,800,SS,97.0552554112554
4.0,TP4,800,SS,99.55775862068967
4.5,TP4,800,SS,97.8832531120332
5.0,TP4,800,SS,98.55899588477367
5.5,TP4,800,SS,99.96417316017315
6.0,TP4,800,SS,100.70656790123456
6.5,TP4,800,SS,101.38917829457364
7.0,TP4,800,SS,103.07893548387098
0.5,TP4,1000,SS,90.25311320754717
1.0,TP4,1000,SS,97.78727272727274
1.5,TP4,1000,SS,100.14066055045872
2.0,TP4,1000,SS,101.76710313901344
2.5,TP4,1000,SS,101.97585046728972
3.0,TP4,1000,SS,103.58760360360361
3.5,TP4,1000,SS,107.52732110091742
4.0,TP4,1000,SS,106.87636842105263
4.5,TP4,1000,SS,107.97059130434783
5.0,TP4,1000,SS,109.19833043478262
5.5,TP4,1000,SS,109.59746428571428
6.0,TP4,1000,SS,109.40786026200874
6.5,TP4,1000,SS,110.5733164556962
7.0,TP4,1000,SS,111.10706493506494
0.5,TP4,1200,SS,94.72135885167464
1.0,TP4,1200,SS,106.26541176470589
1.5,TP4,1200,SS,110.49055924170617
2.0,TP4,1200,SS,110.07198181818181
2.5,TP4,1200,SS,113.61534299516909
3.0,TP4,1200,SS,113.28480733944954
3.5,TP4,1200,SS,115.89220657276995
4.0,TP4,1200,SS,115.86354128440367
4.5,TP4,1200,SS,117.53833628318584
5.0,TP4,1200,SS,117.95391071428571
5.5,TP4,1200,SS,120.33275576036866
6.0,TP4,1200,SS,117.94357142857143
6.5,TP4,1200,SS,119.93963318777293
7.0,TP4,1200,SS,119.05230493273542
0.5,TP4,1400,SS,108.22126829268294
1.0,TP4,1400,SS,122.08714851485148
1.5,TP4,1400,SS,130.7696380952381
2.0,TP4,1400,SS,131.10353271028038
2.5,TP4,1400,SS,131.3753623188406
3.0,TP4,1400,SS,133.3320372093023
3.5,TP4,1400,SS,135.20857943925233
4.0,TP4,1400,SS,136.19941552511415
4.5,TP4,1400,SS,139.75366816143497
5.0,TP4,1400,SS,140.36189285714286
5.5,TP4,1400,SS,142.7697962962963
6.0,TP4,1400,SS,143.90380090497737
6.5,TP4,1400,SS,144.67913656387663
7.0,TP4,1400,SS,144.09468493150686
0.5,TP4,1600,SS,124.73720792079209
1.0,TP4,1600,SS,140.18266009852218
1.5,TP4,1600,SS,148.85457819905213
2.0,TP4,1600,SS,152.17416822429908
2.5,TP4,1600,SS,155.6406108374384
3.0,TP4,1600,SS,156.54452093023255
3.5,TP4,1600,SS,158.14009478672983
4.0,TP4,1600,SS,159.93942857142858
4.5,TP4,1600,SS,160.84652252252252
5.0,TP4,1600,SS,163.77562331838564
5.5,TP4,1600,SS,165.38888888888889
6.0,TP4,1600,SS,167.7922909090909
6.5,TP4,1600,SS,171.3546311111111
7.0,TP4,1600,SS,169.0787281105991
0.5,TP4,1800,SS,132.25477669902912
1.0,TP4,1800,SS,151.97355223880598
1.5,TP4,1800,SS,163.4456842105263
2.0,TP4,1800,SS,165.22457407407407
2.5,TP4,1800,SS,170.12197044334977
3.0,TP4,1800,SS,172.08245283018869
3.5,TP4,1800,SS,172.24565258215964
4.0,TP4,1800,SS,176.76785185185184
4.5,TP4,1800,SS,178.62583636363638
5.0,TP4,1800,SS,179.83107692307692
5.5,TP4,1800,SS,180.27705069124426
6.0,TP4,1800,SS,184.70702304147466
6.5,TP4,1800,SS,187.5986488888889
7.0,TP4,1800,SS,186.16307407407407
0.5,TP4,1980,SS,133.77364705882354
1.0,TP4,1980,SS,154.84120603015077
1.5,TP4,1980,SS,165.92267942583732
2.0,TP4,1980,SS,165.5964694835681
2.5,TP4,1980,SS,171.93718226600984
3.0,TP4,1980,SS,173.89746478873238
3.5,TP4,1980,SS,174.06028301886792
4.0,TP4,1980,SS,177.98109259259257
4.5,TP4,1980,SS,178.49629223744293
5.0,TP4,1980,SS,182.51898181818183
5.5,TP4,1980,SS,183.3492093023256
6.0,TP4,1980,SS,183.58617040358746
6.5,TP4,1980,SS,188.1508520179372
7.0,TP4,1980,SS,188.6057247706422
0.5,TP4,800,SM,88.22507042253521
1.0,TP4,800,SM,90.55424734982331
1.5,TP4,800,SM,92.36043537414966
2.0,TP4,800,SM,93.33678378378377
2.5,TP4,800,SM,91.9213966101695
3.0,TP4,800,SM,92.45114195583596
3.5,TP4,800,SM,92.03801846153846
4.0,TP4,800,SM,92.13588372093022
4.5,TP4,800,SM,92.62426740947076
5.0,TP4,800,SM,93.56215217391305
0.5,TP4,1000,SM,97.00839543726235
1.0,TP4,1000,SM,98.62771102661597
1.5,TP4,1000,SM,99.81934814814815
2.0,TP4,1000,SM,102.01604363636363
2.5,TP4,1000,SM,100.88986764705884
3.0,TP4,1000,SM,101.77128671328671
3.5,TP4,1000,SM,101.51923024054983
4.0,TP4,1000,SM,100.7952655737705
4.5,TP4,1000,SM,101.84179874213837
5.0,TP4,1000,SM,102.51511926605505
0.5,TP4,1200,SM,107.73643200000001
1.0,TP4,1200,SM,109.45991935483872
1.5,TP4,1200,SM,109.60736121673004
2.0,TP4,1200,SM,111.98009125475285
2.5,TP4,1200,SM,113.26205533596837
3.0,TP4,1200,SM,111.90990405904058
3.5,TP4,1200,SM,109.70521611721612
4.0,TP4,1200,SM,111.14905714285715
4.5,TP4,1200,SM,110.10094276094276
5.0,TP4,1200,SM,110.19445954692556
0.5,TP4,1400,SM,126.08254098360655
1.0,TP4,1400,SM,128.0903070539419
1.5,TP4,1400,SM,129.123828125
2.0,TP4,1400,SM,131.22845312500002
2.5,TP4,1400,SM,133.76
3.0,TP4,1400,SM,135.60563076923077
3.5,TP4,1400,SM,131.46932330827067
4.0,TP4,1400,SM,131.53042647058822
4.5,TP4,1400,SM,130.25291228070176
5.0,TP4,1400,SM,131.45670989761092
0.5,TP4,1600,SM,143.87019834710745
1.0,TP4,1600,SM,147.00739748953976
1.5,TP4,1600,SM,150.374544
2.0,TP4,1600,SM,151.7494431372549
2.5,TP4,1600,SM,152.4513870967742
3.0,TP4,1600,SM,155.29735384615384
3.5,TP4,1600,SM,153.08190839694657
4.0,TP4,1600,SM,152.16542647058824
4.5,TP4,1600,SM,152.81515107913668
5.0,TP4,1600,SM,152.90729166666668
0.5,TP4,1800,SM,157.51239669421489
1.0,TP4,1800,SM,159.83571666666666
1.5,TP4,1800,SM,164.84207999999998
2.0,TP4,1800,SM,166.81176377952755
2.5,TP4,1800,SM,170.18599999999998
3.0,TP4,1800,SM,172.283007751938
3.5,TP4,1800,SM,166.00807662835248
4.0,TP4,1800,SM,166.70109363295882
4.5,TP4,1800,SM,169.62763636363636
5.0,TP4,1800,SM,169.33399298245615
0.5,TP4,1980,SM,160.29752697095435
1.0,TP4,1980,SM,163.47703765690378
1.5,TP4,1980,SM,167.37601606425702
2.0,TP4,1980,SM,167.76981102362205
2.5,TP4,1980,SM,172.1501475409836
3.0,TP4,1980,SM,173.4197984496124
3.5,TP4,1980,SM,170.31899613899614
4.0,TP4,1980,SM,169.6734126394052
4.5,TP4,1980,SM,171.11424175824177
5.0,TP4,1980,SM,172.62744876325087
0.5,TP4,800,SL,89.39347268408551
1.0,TP4,800,SL,90.16992147806005
1.5,TP4,800,SL,89.54188381742739
2.0,TP4,800,SL,88.373512
2.5,TP4,800,SL,88.64956213017751
3.0,TP4,800,SL,86.37820521739131
3.5,TP4,800,SL,87.3938909090909
4.0,TP4,800,SL,88.22506750392465
0.5,TP4,1000,SL,98.91013829787234
1.0,TP4,1000,SL,99.77066318537858
1.5,TP4,1000,SL,97.98722673031027
2.0,TP4,1000,SL,98.02522654462243
2.5,TP4,1000,SL,96.66744642857144
3.0,TP4,1000,SL,94.90539759036145
3.5,TP4,1000,SL,95.86779467680608
4.0,TP4,1000,SL,94.74936200716846
0.5,TP4,1200,SL,107.64184527220631
1.0,TP4,1200,SL,107.98055211267605
1.5,TP4,1200,SL,107.46585012919897
2.0,TP4,1200,SL,106.05877000000001
2.5,TP4,1200,SL,104.61926392251816
3.0,TP4,1200,SL,103.49825389755011
3.5,TP4,1200,SL,102.61094386694387
4.0,TP4,1200,SL,102.366671875
0.5,TP4,1400,SL,127.25265868263473
1.0,TP4,1400,SL,126.6470705882353
1.5,TP4,1400,SL,128.08464130434783
2.0,TP4,1400,SL,126.79231746031746
2.5,TP4,1400,SL,123.8200716112532
3.0,TP4,1400,SL,123.63744522144522
3.5,TP4,1400,SL,123.54364601769912
4.0,TP4,1400,SL,122.59620920502091
0.5,TP4,1600,SL,146.53487116564418
1.0,TP4,1600,SL,148.39801812688822
1.5,TP4,1600,SL,150.28328611898016
2.0,TP4,1600,SL,144.9157546666667
2.5,TP4,1600,SL,144.17828421052633
3.0,TP4,1600,SL,140.89550593824228
3.5,TP4,1600,SL,141.4283537414966
4.0,TP4,1600,SL,142.2989785407725
0.5,TP4,1800,SL,159.5381728395062
1.0,TP4,1800,SL,161.1750731707317
1.5,TP4,1800,SL,163.6194090909091
2.0,TP4,1800,SL,162.20225274725274
2.5,TP4,1800,SL,157.68121693121694
3.0,TP4,1800,SL,156.2916811594203
3.5,TP4,1800,SL,156.31009610983983
4.0,TP4,1800,SL,156.96466522678185
0.5,TP4,1980,SL,161.34934984520126
1.0,TP4,1980,SL,162.74206134969324
1.5,TP4,1980,SL,165.81981556195967
2.0,TP4,1980,SL,163.34701369863012
2.5,TP4,1980,SL,158.66655026455027
3.0,TP4,1980,SL,159.2392895377129
3.5,TP4,1980,SL,158.8202222222222
4.0,TP4,1980,SL,160.1177797356828
0.5,TP4,800,MS,90.09763302752293
1.0,TP4,800,MS,95.07542857142856
1.5,TP4,800,MS,98.4
2.0,TP4,800,MS,99.9015
2.5,TP4,800,MS,104.10761990950226
3.0,TP4,800,MS,106.45667796610171
0.5,TP4,1000,MS,93.83203738317758
1.0,TP4,1000,MS,100.26043809523809
1.5,TP4,1000,MS,107.42197285067874
2.0,TP4,1000,MS,109.91736936936937
2.5,TP4,1000,MS,111.58796279069767
3.0,TP4,1000,MS,116.83064864864865
0.5,TP4,1200,MS,98.02888461538463
1.0,TP4,1200,MS,110.25417647058823
1.5,TP4,1200,MS,117.46353703703704
2.0,TP4,1200,MS,119.13251376146789
2.5,TP4,1200,MS,122.06407582938388
3.0,TP4,1200,MS,124.67433789954337
0.5,TP4,1400,MS,110.73072463768115
1.0,TP4,1400,MS,128.52165174129354
1.5,TP4,1400,MS,140.04104265402844
2.0,TP4,1400,MS,139.2159078341014
2.5,TP4,1400,MS,146.40366829268294
3.0,TP4,1400,MS,149.30361290322583
0.5,TP4,1600,MS,125.41902912621359
1.0,TP4,1600,MS,149.19441584158417
1.5,TP4,1600,MS,163.00566507177035
2.0,TP4,1600,MS,163.39650467289718
2.5,TP4,1600,MS,170.72068965517244
3.0,TP4,1600,MS,174.3280737327189
0.5,TP4,1800,MS,135.77802955665024
1.0,TP4,1800,MS,160.83057425742575
1.5,TP4,1800,MS,174.6382009569378
2.0,TP4,1800,MS,176.71227649769585
2.5,TP4,1800,MS,184.8155317073171
3.0,TP4,1800,MS,188.9501395348837
0.5,TP4,1980,MS,140.82474876847292
1.0,TP4,1980,MS,161.99387192118226
1.5,TP4,1980,MS,175.2554095238095
2.0,TP4,1980,MS,181.01105660377357
2.5,TP4,1980,MS,186.67399014778326
3.0,TP4,1980,MS,191.29557407407407
0.5,TP4,800,MM,91.21941637010676
1.0,TP4,800,MM,93.82565371024735
1.5,TP4,800,MM,97.04422666666666
2.0,TP4,800,MM,96.0966517571885
2.5,TP4,800,MM,96.7345375
3.0,TP4,800,MM,96.77627855153203
0.5,TP4,1000,MM,100.50185551330799
1.0,TP4,1000,MM,103.24987072243346
1.5,TP4,1000,MM,106.12487769784173
2.0,TP4,1000,MM,108.84397163120568
2.5,TP4,1000,MM,108.02190877192982
3.0,TP4,1000,MM,108.18794888178914
0.5,TP4,1200,MM,109.79322222222223
1.0,TP4,1200,MM,113.69938955823294
1.5,TP4,1200,MM,116.19592452830187
2.0,TP4,1200,MM,117.56067415730337
2.5,TP4,1200,MM,116.41192565055762
3.0,TP4,1200,MM,118.3028373702422
0.5,TP4,1400,MM,130.2010124481328
1.0,TP4,1400,MM,134.43909836065575
1.5,TP4,1400,MM,139.47399215686275
2.0,TP4,1400,MM,138.92847509578544
2.5,TP4,1400,MM,143.61800784313724
3.0,TP4,1400,MM,141.39279715302493
0.5,TP4,1600,MM,151.1841991701245
1.0,TP4,1600,MM,152.5780580912863
1.5,TP4,1600,MM,161.66197590361446
2.0,TP4,1600,MM,161.93642023346305
2.5,TP4,1600,MM,168.60195161290324
3.0,TP4,1600,MM,163.00604379562046
0.5,TP4,1800,MM,160.85508713692946
1.0,TP4,1800,MM,166.4124481327801
1.5,TP4,1800,MM,175.24299601593626
2.0,TP4,1800,MM,176.90594552529183
2.5,TP4,1800,MM,182.1349236947791
3.0,TP4,1800,MM,179.86548148148148
0.5,TP4,1980,MM,164.9649958506224
1.0,TP4,1980,MM,167.09234999999998
1.5,TP4,1980,MM,176.12195238095237
2.0,TP4,1980,MM,180.66917460317458
2.5,TP4,1980,MM,184.10437096774191
3.0,TP4,1980,MM,179.96129411764707
0.5,TP4,800,ML,90.7551214953271
1.0,TP4,800,ML,91.88030493273543
1.5,TP4,800,ML,89.98010666666666
2.0,TP4,800,ML,90.22685819521179
2.5,TP4,800,ML,90.46679151943462
0.5,TP4,1000,ML,100.67091199999999
1.0,TP4,1000,ML,101.66256777493605
1.5,TP4,1000,ML,101.14283035714286
2.0,TP4,1000,ML,100.79074678111587
2.5,TP4,1000,ML,100.16764081632653
0.5,TP4,1200,ML,110.75649425287357
1.0,TP4,1200,ML,110.8401108033241
1.5,TP4,1200,ML,111.28056862745099
2.0,TP4,1200,ML,110.83052830188679
2.5,TP4,1200,ML,107.47731250000001
0.5,TP4,1400,ML,127.97702077151335
1.0,TP4,1400,ML,131.84954838709677
1.5,TP4,1400,ML,132.8292565445026
2.0,TP4,1400,ML,129.01165174129355
2.5,TP4,1400,ML,129.88771631205674
0.5,TP4,1600,ML,150.53842944785276
1.0,TP4,1600,ML,152.75991641791046
1.5,TP4,1600,ML,154.71032258064517
2.0,TP4,1600,ML,152.5489847715736
2.5,TP4,1600,ML,149.90384428223845
0.5,TP4,1800,ML,162.91267278287464
1.0,TP4,1800,ML,165.64079279279278
1.5,TP4,1800,ML,170.91231693989073
2.0,TP4,1800,ML,167.6826907216495
2.5,TP4,1800,ML,165.19603921568626
0.5,TP4,1980,ML,165.42862962962965
1.0,TP4,1980,ML,169.7941641337386
1.5,TP4,1980,ML,173.27244077134986
2.0,TP4,1980,ML,169.65542708333334
2.5,TP4,1980,ML,166.51312039312037
0.5,TP4,800,LS,82.64565803108809
1.0,TP4,800,LS,115.15559999999999
1.5,TP4,800,LS,138.907341991342
2.0,TP4,800,LS,142.2639527559055
0.5,TP4,1000,LS,81.67225130890053
1.0,TP4,1000,LS,117.65106521739129
1.5,TP4,1000,LS,148.5660925925926
2.0,TP4,1000,LS,166.0873043478261
0.5,TP4,1200,LS,83.37579057591623
1.0,TP4,1200,LS,118.9962608695652
1.5,TP4,1200,LS,154.9850576923077
2.0,TP4,1200,LS,177.00843564356435
0.5,TP4,1400,LS,95.7163422459893
1.0,TP4,1400,LS,135.06237837837838
1.5,TP4,1400,LS,181.88834
2.0,TP4,1400,LS,210.32194923857867
0.5,TP4,1600,LS,106.35018947368421
1.0,TP4,1600,LS,147.90854054054054
1.5,TP4,1600,LS,193.61244444444446
2.0,TP4,1600,LS,224.3793435897436
0.5,TP4,1800,LS,113.51389247311828
1.0,TP4,1800,LS,155.70826373626372
1.5,TP4,1800,LS,204.00040609137056
2.0,TP4,1800,LS,230.07652791878172
0.5,TP4,1980,LS,111.2006203208556
1.0,TP4,1980,LS,155.04183606557376
1.5,TP4,1980,LS,198.87292000000002
2.0,TP4,1980,LS,225.87359595959597
0.5,TP4,800,LM,83.50338947368421
1.0,TP4,800,LM,115.28960846560847
1.5,TP4,800,LM,140.4151754385965
2.0,TP4,800,LM,141.33716078431374
0.5,TP4,1000,LM,83.28414583333334
1.0,TP4,1000,LM,114.66308510638298
1.5,TP4,1000,LM,146.36805504587156
2.0,TP4,1000,LM,164.7165167464115
0.5,TP4,1200,LM,83.44672340425532
1.0,TP4,1200,LM,117.7671871657754
1.5,TP4,1200,LM,153.63697607655502
2.0,TP4,1200,LM,179.4751
0.5,TP4,1400,LM,97.5024
1.0,TP4,1400,LM,136.80918279569894
1.5,TP4,1400,LM,181.77598
2.0,TP4,1400,LM,209.2838592964824
0.5,TP4,1600,LM,105.98382978723404
1.0,TP4,1600,LM,146.2791475409836
1.5,TP4,1600,LM,192.5920203045685
2.0,TP4,1600,LM,217.5227474747475
0.5,TP4,1800,LM,109.18185263157895
1.0,TP4,1800,LM,153.07478918918918
1.5,TP4,1800,LM,200.39419095477388
2.0,TP4,1800,LM,225.99334010152285
0.5,TP4,1980,LM,109.9568253968254
1.0,TP4,1980,LM,152.6618924731183
1.5,TP4,1980,LM,199.403216080402
2.0,TP4,1980,LM,231.38203076923077
0.5,TP4,800,LL,84.80192513368985
1.0,TP4,800,LL,113.93183157894737
1.5,TP4,800,LL,139.18229310344827
0.5,TP4,1000,LL,83.96446073298429
1.0,TP4,1000,LL,115.2749574468085
1.5,TP4,1000,LL,147.88396313364055
0.5,TP4,1200,LL,84.52841884816753
1.0,TP4,1200,LL,118.97133333333335
1.5,TP4,1200,LL,154.85436893203882
0.5,TP4,1400,LL,95.83214814814815
1.0,TP4,1400,LL,135.16515846994537
1.5,TP4,1400,LL,182.86896000000002
0.5,TP4,1600,LL,105.87053191489362
1.0,TP4,1600,LL,144.67871739130436
1.5,TP4,1600,LL,191.30329648241207
0.5,TP4,1800,LL,110.93443010752688
1.0,TP4,1800,LL,153.74010869565217
1.5,TP4,1800,LL,200.3385527638191
0.5,TP4,1980,LL,109.85332620320855
1.0,TP4,1980,LL,151.87610695187166
1.5,TP4,1980,LL,197.67918811881185
0.5,TP2,800,SS,52.31531034482759
1.0,TP2,800,SS,53.312181034482755
1.5,TP2,800,SS,54.632699588477365
2.0,TP2,800,SS,54.83263157894737
2.5,TP2,800,SS,55.71516317991632
3.0,TP2,800,SS,55.77994488188976
3.5,TP2,800,SS,55.739044444444446
4.0,TP2,800,SS,56.38638129496403
4.5,TP2,800,SS,56.20448184818481
5.0,TP2,800,SS,57.45512536443149
5.5,TP2,800,SS,57.216762711864405
6.0,TP2,800,SS,57.652613333333335
6.5,TP2,800,SS,57.61163725490196
7.0,TP2,800,SS,57.921231527093596
0.5,TP2,1000,SS,58.829
1.0,TP2,1000,SS,59.89902242152466
1.5,TP2,1000,SS,61.47400873362446
2.0,TP2,1000,SS,62.201744680851064
2.5,TP2,1000,SS,62.90225777777778
3.0,TP2,1000,SS,63.83584810126582
3.5,TP2,1000,SS,63.410861924686195
4.0,TP2,1000,SS,63.73617959183673
4.5,TP2,1000,SS,64.42640625
5.0,TP2,1000,SS,65.17742446043165
5.5,TP2,1000,SS,65.41516901408451
6.0,TP2,1000,SS,65.23635099337748
6.5,TP2,1000,SS,65.67176435045317
7.0,TP2,1000,SS,66.18527108433734
0.5,TP2,1200,SS,65.62559447004608
1.0,TP2,1200,SS,67.73972093023256
1.5,TP2,1200,SS,70.00462162162162
2.0,TP2,1200,SS,70.57840869565217
2.5,TP2,1200,SS,72.6474930875576
3.0,TP2,1200,SS,73.85770175438597
3.5,TP2,1200,SS,73.69826086956522
4.0,TP2,1200,SS,73.38461276595744
4.5,TP2,1200,SS,74.62486776859504
5.0,TP2,1200,SS,75.01520318725099
5.5,TP2,1200,SS,75.56807258064516
6.0,TP2,1200,SS,76.37065917602996
6.5,TP2,1200,SS,77.18885017421603
7.0,TP2,1200,SS,76.93187586206896
0.5,TP2,1400,SS,74.35818518518519
1.0,TP2,1400,SS,78.95657943925234
1.5,TP2,1400,SS,82.71565765765766
2.0,TP2,1400,SS,83.14838766519824
2.5,TP2,1400,SS,85.67130555555556
3.0,TP2,1400,SS,86.74163876651981
3.5,TP2,1400,SS,88.23955357142857
4.0,TP2,1400,SS,88.11803463203464
4.5,TP2,1400,SS,88.23808368200837
5.0,TP2,1400,SS,90.11476666666667
5.5,TP2,1400,SS,90.92182127659575
6.0,TP2,1400,SS,91.210024
6.5,TP2,1400,SS,93.17229962546817
7.0,TP2,1400,SS,93.60364312267659
0.5,TP2,1600,SS,85.42903255813953
1.0,TP2,1600,SS,91.2062159624413
1.5,TP2,1600,SS,95.4149589041096
2.0,TP2,1600,SS,96.9299288888889
2.5,TP2,1600,SS,99.24002790697675
3.0,TP2,1600,SS,101.11038938053098
3.5,TP2,1600,SS,101.71850892857142
4.0,TP2,1600,SS,102.14883982683983
4.5,TP2,1600,SS,102.61981355932204
5.0,TP2,1600,SS,104.84364556962025
5.5,TP2,1600,SS,105.54972294372294
6.0,TP2,1600,SS,106.76243514644352
6.5,TP2,1600,SS,107.18437692307693
7.0,TP2,1600,SS,107.05911627906977
0.5,TP2,1800,SS,90.92099056603773
1.0,TP2,1800,SS,96.97611320754717
1.5,TP2,1800,SS,101.97455963302752
2.0,TP2,1800,SS,103.05765178571428
2.5,TP2,1800,SS,105.59477570093458
3.0,TP2,1800,SS,106.24177777777778
3.5,TP2,1800,SS,107.52191891891893
4.0,TP2,1800,SS,108.44136521739131
4.5,TP2,1800,SS,108.61655932203391
5.0,TP2,1800,SS,109.2138487394958
5.5,TP2,1800,SS,110.34369827586207
6.0,TP2,1800,SS,111.11078151260504
6.5,TP2,1800,SS,112.73758139534883
7.0,TP2,1800,SS,111.94547286821705
0.5,TP2,1980,SS,91.72962037037038
1.0,TP2,1980,SS,100.24790566037736
1.5,TP2,1980,SS,104.86484403669725
2.0,TP2,1980,SS,104.7840796460177
2.5,TP2,1980,SS,108.01220657276994
3.0,TP2,1980,SS,108.60300444444444
3.5,TP2,1980,SS,108.86874999999999
4.0,TP2,1980,SS,108.16209649122807
4.5,TP2,1980,SS,108.68171186440678
5.0,TP2,1980,SS,109.23885232067511
5.5,TP2,1980,SS,110.52864935064935
6.0,TP2,1980,SS,111.00421097046413
6.5,TP2,1980,SS,112.60393798449611
7.0,TP2,1980,SS,112.68399215686276
0.5,TP2,800,SM,52.05120743034056
1.0,TP2,800,SM,52.37903658536585
1.5,TP2,800,SM,51.66485
2.0,TP2,800,SM,51.2199460916442
2.5,TP2,800,SM,52.04004100227791
3.0,TP2,800,SM,52.14467318982388
3.5,TP2,800,SM,51.931267657992564
4.0,TP2,800,SM,52.08013928571429
4.5,TP2,800,SM,52.72364016736402
5.0,TP2,800,SM,52.32936209150327
0.5,TP2,1000,SM,59.12964948453608
1.0,TP2,1000,SM,60.17661643835616
1.5,TP2,1000,SM,59.28224605678234
2.0,TP2,1000,SM,58.670116207951075
2.5,TP2,1000,SM,58.91080802292264
3.0,TP2,1000,SM,59.43641826923077
3.5,TP2,1000,SM,59.06638548752835
4.0,TP2,1000,SM,59.09672173913043
4.5,TP2,1000,SM,59.973996551724134
5.0,TP2,1000,SM,59.64850241545894
0.5,TP2,1200,SM,67.27722743682311
1.0,TP2,1200,SM,68.44382608695652
1.5,TP2,1200,SM,68.00643389830509
2.0,TP2,1200,SM,67.87337086092715
2.5,TP2,1200,SM,67.21430718954248
3.0,TP2,1200,SM,68.42317837837838
3.5,TP2,1200,SM,68.08547422680412
4.0,TP2,1200,SM,68.06299512195122
4.5,TP2,1200,SM,68.83465882352941
5.0,TP2,1200,SM,68.81434944237918
0.5,TP2,1400,SM,78.36288970588235
1.0,TP2,1400,SM,80.17230996309964
1.5,TP2,1400,SM,79.73191666666668
2.0,TP2,1400,SM,79.63088813559322
2.5,TP2,1400,SM,79.74854421768707
3.0,TP2,1400,SM,80.72152974504249
3.5,TP2,1400,SM,81.01948633879782
4.0,TP2,1400,SM,81.19396907216495
4.5,TP2,1400,SM,82.00417987152034
5.0,TP2,1400,SM,82.33446918489065
0.5,TP2,1600,SM,90.56760740740741
1.0,TP2,1600,SM,92.4581925925926
1.5,TP2,1600,SM,93.20324912280702
2.0,TP2,1600,SM,92.67806896551724
2.5,TP2,1600,SM,92.66501730103806
3.0,TP2,1600,SM,93.53959411764706
3.5,TP2,1600,SM,93.6689604519774
4.0,TP2,1600,SM,94.34965775401069
4.5,TP2,1600,SM,94.89495824175823
5.0,TP2,1600,SM,94.95085831622177
0.5,TP2,1800,SM,97.37357303370786
1.0,TP2,1800,SM,99.3732808988764
1.5,TP2,1800,SM,99.77001403508773
2.0,TP2,1800,SM,98.84989655172414
2.5,TP2,1800,SM,98.40659722222222
3.0,TP2,1800,SM,99.77104142011835
3.5,TP2,1800,SM,100.33298575498574
4.0,TP2,1800,SM,100.40932614555257
4.5,TP2,1800,SM,101.95458928571429
5.0,TP2,1800,SM,101.58025052192068
0.5,TP2,1980,SM,101.15077153558053
1.0,TP2,1980,SM,102.99159701492538
1.5,TP2,1980,SM,102.52872084805654
2.0,TP2,1980,SM,100.98555709342561
2.5,TP2,1980,SM,100.11178397212544
3.0,TP2,1980,SM,100.90835223880597
3.5,TP2,1980,SM,100.90087679083095
4.0,TP2,1980,SM,100.90134959349594
4.5,TP2,1980,SM,102.0224653243848
5.0,TP2,1980,SM,101.58123849372386
0.5,TP2,800,SL,51.759143939393944
1.0,TP2,800,SL,50.48229065743944
1.5,TP2,800,SL,50.00336050955414
2.0,TP2,800,SL,50.42724557522124
2.5,TP2,800,SL,50.04614792899408
3.0,TP2,800,SL,49.49556672443674
3.5,TP2,800,SL,50.07582060266293
4.0,TP2,800,SL,49.631813095994914
0.5,TP2,1000,SL,58.98086975717439
1.0,TP2,1000,SL,57.18124796747967
1.5,TP2,1000,SL,56.508519440124424
2.0,TP2,1000,SL,57.01107486631016
2.5,TP2,1000,SL,56.41870959902794
3.0,TP2,1000,SL,55.686565217391305
3.5,TP2,1000,SL,56.73434767641997
4.0,TP2,1000,SL,56.08256220472442
0.5,TP2,1200,SL,66.71528329297821
1.0,TP2,1200,SL,65.34793707865168
1.5,TP2,1200,SL,64.7016389380531
2.0,TP2,1200,SL,65.33937595129376
2.5,TP2,1200,SL,64.50457142857144
3.0,TP2,1200,SL,63.661136079900125
3.5,TP2,1200,SL,64.923169921875
4.0,TP2,1200,SL,64.18421318879855
0.5,TP2,1400,SL,78.63315710723192
1.0,TP2,1400,SL,76.87140983606557
1.5,TP2,1400,SL,76.0200149812734
2.0,TP2,1400,SL,76.69232626427406
2.5,TP2,1400,SL,76.25949262536874
3.0,TP2,1400,SL,75.21204533333334
3.5,TP2,1400,SL,76.80873958333333
4.0,TP2,1400,SL,75.89828543876567
0.5,TP2,1600,SL,90.39922727272726
1.0,TP2,1600,SL,88.77336515513127
1.5,TP2,1600,SL,87.23240152963672
2.0,TP2,1600,SL,88.80749324324324
2.5,TP2,1600,SL,88.22774193548388
3.0,TP2,1600,SL,87.45043055555556
3.5,TP2,1600,SL,89.18826594594594
4.0,TP2,1600,SL,87.9096746506986
0.5,TP2,1800,SL,97.74138461538462
1.0,TP2,1800,SL,96.13959518072289
1.5,TP2,1800,SL,94.82186744639377
2.0,TP2,1800,SL,95.5402866894198
2.5,TP2,1800,SL,94.99950778816199
3.0,TP2,1800,SL,94.38962535211269
3.5,TP2,1800,SL,95.87073638344226
4.0,TP2,1800,SL,95.23773957273653
0.5,TP2,1980,SL,102.01124102564103
1.0,TP2,1980,SL,99.06733658536585
1.5,TP2,1980,SL,96.93707874015747
2.0,TP2,1980,SL,97.75826989619377
2.5,TP2,1980,SL,96.95974803149606
3.0,TP2,1980,SL,95.8871623931624
3.5,TP2,1980,SL,97.66996692392503
4.0,TP2,1980,SL,96.19081678607984
0.5,TP2,800,MS,53.09630508474576
1.0,TP2,800,MS,55.00205982905983
1.5,TP2,800,MS,57.011434262948214
2.0,TP2,800,MS,56.69517777777778
2.5,TP2,800,MS,57.2288832807571
3.0,TP2,800,MS,58.218797872340424
0.5,TP2,1000,MS,59.893132743362834
1.0,TP2,1000,MS,62.14530941704036
1.5,TP2,1000,MS,64.46567659574468
2.0,TP2,1000,MS,63.9543070539419
2.5,TP2,1000,MS,65.89769169960475
3.0,TP2,1000,MS,66.62758278145695
0.5,TP2,1200,MS,67.07155251141552
1.0,TP2,1200,MS,71.53997222222222
1.5,TP2,1200,MS,74.72279646017698
2.0,TP2,1200,MS,75.51702183406114
2.5,TP2,1200,MS,77.55004424778761
3.0,TP2,1200,MS,78.77278490566037
0.5,TP2,1400,MS,77.61326851851852
1.0,TP2,1400,MS,83.41555140186915
1.5,TP2,1400,MS,88.9778125
2.0,TP2,1400,MS,90.64485840707965
2.5,TP2,1400,MS,93.04219266055046
3.0,TP2,1400,MS,93.755744
0.5,TP2,1600,MS,88.57035185185185
1.0,TP2,1600,MS,96.42189671361503
1.5,TP2,1600,MS,103.04453153153152
2.0,TP2,1600,MS,104.48964601769912
2.5,TP2,1600,MS,107.26482949308756
3.0,TP2,1600,MS,108.2770781893004
0.5,TP2,1800,MS,93.81287441860465
1.0,TP2,1800,MS,101.5966103286385
1.5,TP2,1800,MS,108.31368609865471
2.0,TP2,1800,MS,110.20730973451327
2.5,TP2,1800,MS,112.66657407407408
3.0,TP2,1800,MS,112.72367768595042
0.5,TP2,1980,MS,97.07498604651163
1.0,TP2,1980,MS,104.34130841121495
1.5,TP2,1980,MS,110.4690403587444
2.0,TP2,1980,MS,112.42325892857143
2.5,TP2,1980,MS,113.99338888888889
3.0,TP2,1980,MS,112.98946666666667
0.5,TP2,800,MM,52.85493902439024
1.0,TP2,800,MM,52.61264534883721
1.5,TP2,800,MM,53.117527196652716
2.0,TP2,800,MM,52.40866666666667
2.5,TP2,800,MM,52.902296187683284
3.0,TP2,800,MM,52.63818134715026
0.5,TP2,1000,MM,59.88339189189189
1.0,TP2,1000,MM,60.945069767441865
1.5,TP2,1000,MM,60.06658823529412
2.0,TP2,1000,MM,59.52604651162791
2.5,TP2,1000,MM,60.41087615526802
3.0,TP2,1000,MM,60.16380511182109
0.5,TP2,1200,MM,68.38544999999999
1.0,TP2,1200,MM,70.34849285714286
1.5,TP2,1200,MM,69.82340697674418
2.0,TP2,1200,MM,69.86993667546173
2.5,TP2,1200,MM,70.03009808102345
3.0,TP2,1200,MM,70.10251769087525
0.5,TP2,1400,MM,80.77575182481752
1.0,TP2,1400,MM,83.40819636363636
1.5,TP2,1400,MM,83.34824464831804
2.0,TP2,1400,MM,84.11547752808988
2.5,TP2,1400,MM,83.68937644341801
3.0,TP2,1400,MM,83.99846613545817
0.5,TP2,1600,MM,92.64663235294117
1.0,TP2,1600,MM,96.52476014760147
1.5,TP2,1600,MM,95.97417721518987
2.0,TP2,1600,MM,96.37433623188406
2.5,TP2,1600,MM,96.4352983293556
3.0,TP2,1600,MM,95.97634496919919
0.5,TP2,1800,MM,99.52110447761194
1.0,TP2,1800,MM,103.02704089219331
1.5,TP2,1800,MM,101.6668634920635
2.0,TP2,1800,MM,101.32708187134503
2.5,TP2,1800,MM,102.25799516908212
3.0,TP2,1800,MM,101.68666666666667
0.5,TP2,1980,MM,102.75387407407406
1.0,TP2,1980,MM,106.16251301115241
1.5,TP2,1980,MM,103.80216666666668
2.0,TP2,1980,MM,103.20454867256636
2.5,TP2,1980,MM,103.7578789346247
3.0,TP2,1980,MM,102.42005416666666
0.5,TP2,800,ML,52.024655555555555
1.0,TP2,800,ML,50.18645671267252
1.5,TP2,800,ML,49.94695694716243
2.0,TP2,800,ML,49.93197017045455
2.5,TP2,800,ML,50.23995151515151
0.5,TP2,1000,ML,59.400736383442265
1.0,TP2,1000,ML,57.455021604938274
1.5,TP2,1000,ML,56.827304452466905
2.0,TP2,1000,ML,56.61197012302284
2.5,TP2,1000,ML,57.23501680672269
0.5,TP2,1200,ML,67.44889786223278
1.0,TP2,1200,ML,66.01521505376344
1.5,TP2,1200,ML,65.03931855955679
2.0,TP2,1200,ML,65.33441025641027
2.5,TP2,1200,ML,65.97355145631069
0.5,TP2,1400,ML,79.75532512315272
1.0,TP2,1400,ML,78.46762357414448
1.5,TP2,1400,ML,77.40584977908689
2.0,TP2,1400,ML,77.58240655737706
2.5,TP2,1400,ML,77.54201452282157
0.5,TP2,1600,ML,91.82163184079603
1.0,TP2,1600,ML,90.65516634050881
1.5,TP2,1600,ML,89.17909559939302
2.0,TP2,1600,ML,89.11388275084555
2.5,TP2,1600,ML,90.3376461704423
0.5,TP2,1800,ML,99.44589898989899
1.0,TP2,1800,ML,97.76836327345309
1.5,TP2,1800,ML,96.16439069767442
2.0,TP2,1800,ML,95.53344137931035
2.5,TP2,1800,ML,96.61274535519125
0.5,TP2,1980,ML,103.28266666666667
1.0,TP2,1980,ML,100.7580120967742
1.5,TP2,1980,ML,98.11554446177847
2.0,TP2,1980,ML,97.66101398601398
2.5,TP2,1980,ML,98.73097350993378
0.5,TP2,800,LS,53.511162561576356
1.0,TP2,800,LS,71.35474137931034
1.5,TP2,800,LS,71.45413648293963
2.0,TP2,800,LS,71.24253243847875
0.5,TP2,1000,LS,54.98740404040404
1.0,TP2,1000,LS,80.41461306532663
1.5,TP2,1000,LS,83.84752287581699
2.0,TP2,1000,LS,83.98057938718662
0.5,TP2,1200,LS,60.61307216494845
1.0,TP2,1200,LS,88.90894358974359
1.5,TP2,1200,LS,102.39556756756757
2.0,TP2,1200,LS,102.2096052631579
0.5,TP2,1400,LS,69.78364948453608
1.0,TP2,1400,LS,102.46153684210526
1.5,TP2,1400,LS,129.04523206751054
2.0,TP2,1400,LS,131.37471641791043
0.5,TP2,1600,LS,74.47968911917098
1.0,TP2,1600,LS,107.19179166666667
1.5,TP2,1600,LS,133.76329957805908
2.0,TP2,1600,LS,134.818776119403
0.5,TP2,1800,LS,76.39283937823834
1.0,TP2,1800,LS,108.36707291666666
1.5,TP2,1800,LS,134.429417721519
2.0,TP2,1800,LS,135.7399700374532
0.5,TP2,1980,LS,77.34708808290155
1.0,TP2,1980,LS,109.40856842105264
1.5,TP2,1980,LS,134.51918987341773
2.0,TP2,1980,LS,135.08013235294118
0.5,TP2,800,LM,53.12713861386139
1.0,TP2,800,LM,70.6289356223176
1.5,TP2,800,LM,71.17424020887728
2.0,TP2,800,LM,71.03925777777778
0.5,TP2,1000,LM,54.6980505050505
1.0,TP2,1000,LM,80.32615075376884
1.5,TP2,1000,LM,83.63370588235294
2.0,TP2,1000,LM,83.55312777777777
0.5,TP2,1200,LM,59.97305583756345
1.0,TP2,1200,LM,88.43086153846154
1.5,TP2,1200,LM,102.30277220077221
2.0,TP2,1200,LM,102.25164473684211
0.5,TP2,1400,LM,69.72843298969073
1.0,TP2,1400,LM,103.29189528795811
1.5,TP2,1400,LM,128.94205907172997
2.0,TP2,1400,LM,130.8462527881041
0.5,TP2,1600,LM,74.46248704663212
1.0,TP2,1600,LM,107.0295
1.5,TP2,1600,LM,133.26261016949152
2.0,TP2,1600,LM,135.29548314606743
0.5,TP2,1800,LM,76.15934374999999
1.0,TP2,1800,LM,108.73122916666667
1.5,TP2,1800,LM,134.04182278481014
2.0,TP2,1800,LM,136.1661872659176
0.5,TP2,1980,LM,76.70676288659793
1.0,TP2,1980,LM,108.67745077720207
1.5,TP2,1980,LM,134.258731092437
2.0,TP2,1980,LM,135.30658302583026
0.5,TP2,800,LL,53.27697536945813
1.0,TP2,800,LL,70.67376824034335
1.5,TP2,800,LL,71.10194255874674
0.5,TP2,1000,LL,54.87619289340102
1.0,TP2,1000,LL,79.92001
1.5,TP2,1000,LL,83.62618892508144
0.5,TP2,1200,LL,60.18420512820513
1.0,TP2,1200,LL,88.92921243523315
1.5,TP2,1200,LL,102.72927906976744
0.5,TP2,1400,LL,69.75771134020619
1.0,TP2,1400,LL,103.5486282722513
1.5,TP2,1400,LL,128.99664978902953
0.5,TP2,1600,LL,74.60434196891192
1.0,TP2,1600,LL,107.85264583333333
1.5,TP2,1600,LL,133.258
0.5,TP2,1800,LL,76.36565979381443
1.0,TP2,1800,LL,108.84471204188482
1.5,TP2,1800,LL,134.95681355932203
0.5,TP2,1980,LL,76.72083505154639
1.0,TP2,1980,LL,109.14334375
1.5,TP2,1980,LL,134.42366244725739
